Spawn,Treatment,Sample,Mean_coverage,Loci
SP2,IS,IS_01B10,76.9,495415
SP2,IS,IS_02B10,85.7,495415
SP2,IS,IS_03B10,88.3,495415
SP2,IS,IS_04B10,72.8,495415
SP2,CON,CON_J02B10,33.7,495415
SP2,CON,CON_J06B10,43.9,495415
SP2,CON,CON_J10B10,61,495415
SP2,CA,CA_J08B10,61.3,495415
SP2,CA,CA_J11B10,63.6,495415
SP2,CA,CA_J13B10,69.7,495415
SP2,SE,SE_J03B10,56.9,495415
SP2,SE,SE_J04B10,67.4,495415
SP2,SE,SE_J09B10,66.1,495415
SP2,CASE,CASE_J01B10,65,495415
SP2,CASE,CASE_J07B10,67.4,495415
SP2,CASE,CASE_J12B10,66.2,495415
SP3,IS,IS_01B11,69.7,175050
SP3,IS,IS_02B11,44.8,175050
SP3,IS,IS_03B11,58.8,175050
SP3,IS,IS_04B11,62.7,175050
SP3,CON,CON_J02B11,63,175050
SP3,CON,CON_J05B11,40.7,175050
SP3,CON,CON_J10B11,41.6,175050
SP3,CON,CON_J15B11,48.9,175050
SP3,CA,CA_J06B11,54.5,175050
SP3,CA,CA_J08B11,44.5,175050
SP3,CA,CA_J11B11,63.8,175050
SP3,CA,CA_J18B11,67,175050
SP3,SE,SE_J01B11,56.5,175050
SP3,SE,SE_J04GB11,45,175050
SP3,SE,SE_J07B11,45.4,175050
SP3,SE,SE_J14B11,47.6,175050
SP3,CASE,CASE_J03B11,56.5,175050
SP3,CASE,CASE_J09B11,53.1,175050
SP3,CASE,CASE_J12B11,53.1,175050
SP3,CASE,CASE_J13B11,55.2,175050
SP4,IS,IS_J01B12,49.9,580934
SP4,IS,IS_J02B12,65.3,580934
SP4,IS,IS_J03B12,70.1,580934
SP4,IS,IS_J04B12,50.9,580934
SP4,CON,CON_J02B12,63.8,580934
SP4,CON,CON_J08B12,63.6,580934
SP4,CON,CON_J10B12,67.3,580934
SP4,CON,CON_J18B12,54.5,580934
SP4,CA,CA_J05B12,60.3,580934
SP4,CA,CA_J06B12,69.2,580934
SP4,CA,CA_J11B12,59.6,580934
SP4,CA,CA_J15B12,65.8,580934
SP4,SE,SE_J01B12,53.2,580934
SP4,SE,SE_J09B12,63,580934
SP4,SE,SE_J12B12,58.3,580934
SP4,SE,SE_J14B12,63.1,580934
SP4,CASE,CASE_J03B12,67.5,580934
SP4,CASE,CASE_J04B12,68.2,580934
SP4,CASE,CASE_J07B12,58.2,580934
SP4,CASE,CASE_J13B12,59.8,580934
