snp,fold,I,I_l,CA_eff,SE_eff,dCON_o
NC_035780.1_20748489,B10,-0.0664232685369828,-0.346224202740851,0.0160376801232505,-3.07609216259885e-05,-0.0728448224666115
NC_035780.1_24826351,B10,0.00936655906203933,-0.0069469299669942,0.00599383143048996,0.0585394863319429,0.00587369478259364
NC_035780.1_47304766,B10,0.00234115842455695,0.139226743781614,-0.0112483430083119,0.0553165019496895,0.0344842056672856
NC_035781.1_53497708,B10,-0.168923074475906,-0.6840828046984,0.0716347774077809,0.0313707616977858,-0.0557738557738557
NC_035782.1_12650434,B10,-0.0206758918720807,-0.0943306872763545,0.012461529528543,0.0586943456712654,0.0591357302376176
NC_035782.1_31789635,B10,0.0768296549989259,1.3372693783002,-0.0167565389116589,0.0113835326099477,0.0203279424977538
NC_035782.1_38378547,B10,-0.0382394209488385,-0.310447054870959,-0.0254980891714323,-0.0294621681931373,-0.0283457855781029
NC_035782.1_57103028,B10,-0.0560569416531057,-0.225501407626017,0.08569639776315,0.0828818818926801,-0.102349669007526
NC_035782.1_71468428,B10,0.0142404797299407,0.905102404190561,0.00444505967761782,-0.00737729355697968,-0.00191993252837982
NC_035783.1_13696438,B10,0.0132757669883072,0.658901534372173,0.0196418907966434,-0.0467724867724868,-0.00790646758569775
NC_035783.1_20052557,B10,0.01757748723521,1.39734413320001,-0.0165879442195232,0.00540239837625459,0.00840080971659919
NC_035783.1_40639825,B10,0.00127588592252631,0.0982183469803273,-0.0275026713483964,0.0259637886941239,0.0179088024828152
NC_035783.1_8800083,B10,-0.00164316451753105,-0.0115043883533577,0.00503058038065279,0.0548674534221794,0.0440713410896897
NC_035784.1_12414998,B10,-0.0409688292201928,-1.28931615222273,0.0330997047172658,-0.0030847327394783,-0.02296117774076
NC_035784.1_13206981,B10,0.0866700740013158,0.374926232589273,-0.0293619793695402,0.0640252496826171,0.0835504134473207
NC_035784.1_21690473,B10,-0.106737769634341,-0.469808568645922,-0.0041229264027603,-0.000602151561309994,-0.0374108006773101
NC_035784.1_37718554,B10,0.0925023026859147,0.425073231903595,0.0115102425534129,-0.0461588702603113,0.0483319971146456
NC_035784.1_41459841,B10,-0.108136946455471,-0.511535399515774,0.0484086324548446,0.144767230753098,-0.0501428530638384
NC_035784.1_42706092,B10,-0.0172967546109512,-0.0777595866593255,-0.00178291577275777,0.117852533294486,0.0175797221706833
NC_035784.1_53424297,B10,-0.00410970010057693,-0.875619233894525,0.0228129009090409,0.0102993315896542,0.00193991796918302
NC_035784.1_57362946,B10,-0.292611761342636,-1.88289898039023,0.0204358682203713,0.0359390274902567,0.0409380807649953
NC_035784.1_66326187,B10,0.0218170694046054,0.445834619679592,-0.0316545900774713,-0.0450528636651511,-0.0156441071052077
NC_035784.1_76733562,B10,0.0387092593196824,0.213150771273223,0.0236268845579341,0.0257160321209881,-0.0512126896574571
NC_035784.1_87006779,B10,-0.0623198140902931,-0.243387966706363,0.0907067984426475,0.132951914437764,0.0149064771706281
NC_035784.1_89036640,B10,0.11271455117403,0.52096854127731,-0.0264693555218064,-0.0150857875558712,0.0914622521179898
NC_035785.1_21620424,B10,-0.00208493648629687,-0.00839251351041603,0.0217113822808387,0.00314374244067883,0.100793866209515
NC_035785.1_40814328,B10,-0.0346491618004532,-0.608231020830758,0.00643972489536412,0.0232083676010383,0.0294312285168187
NC_035785.1_897188,B10,-0.00452215350138052,-0.0620299536465769,0.0112956419621238,-0.0649114719307951,-0.0528271773825809
NC_035786.1_765266,B10,0.0174916482750814,1.31052580097373,-0.00280137124188381,-0.0146542965438477,-0.0050455620038792
NC_035787.1_14247357,B10,0.00911650890240713,0.107051002187814,-0.028999418517393,-0.00463939086976967,-0.037168908360142
NC_035787.1_22191192,B10,0.0238630405066814,0.253128448704526,0.0223828092880595,0.0567557598997781,-0.0356986601039103
NC_035787.1_22191223,B10,-0.038098041747137,-0.352191698308489,0.00283596014213416,0.0337442617602194,-0.065952469474831
NC_035787.1_54230605,B10,-0.0621661592812188,-0.39969469559836,0.01696144332102,-0.0331384404054363,-0.0190010066298726
NC_035788.1_36642552,B10,0.017290576918334,1.07167817936063,-0.00492744206194499,0.00239766081871345,0.00558213716108453
NC_035788.1_46379793,B10,-0.0591888279835345,-0.507594026496233,0.0708228699761337,0.0446416582252887,-0.0740315528767622
NC_035788.1_47946178,B10,-0.0276310041395971,-0.554277193492199,0.036203883436416,0.00660659215434666,-0.00404305253397697
NC_035788.1_59020877,B10,-0.025955075523962,-0.287753773512705,0.029812536910676,-0.00860390088873343,-0.0819897892983071
NC_035788.1_76680482,B10,0.0238908537821543,0.60118603960543,-0.0191368030465775,0.060769980962846,0.0173621801539422
NC_035780.1_11542240,B11,-0.0309960005608656,-0.433659811646972,0.0243066268196392,0.00771774551313269,-0.0879288575409265
NC_035780.1_15720403,B11,0.0356456555486556,0.156305508962217,-0.0152776724057173,0.0156834869675741,-0.0681153154548348
NC_035780.1_17684340,B11,-0.0614585326682194,-0.510186626814854,0.0587673928856763,-0.0110870223246663,-0.0226420889448899
NC_035780.1_19376247,B11,-0.0789872950017317,-0.599741573244228,-0.00854298904171028,0.0514262165892601,-0.0320553015565803
NC_035780.1_20748489,B11,0.0169288685731508,0.0795526574471078,-0.0809707486200143,-0.0111959845104349,-0.100788577061478
NC_035780.1_24078931,B11,0.00444577352472089,-1.53510735326185,0.0125,0.0101010101010101,-0.042483660130719
NC_035780.1_24637827,B11,-0.0251970863878989,-1.65910717944372,0.00519696624901835,0.0133311443589134,0.0129189757799672
NC_035780.1_24756549,B11,-0.0269279366002644,-0.290009943718857,-0.0125400152458299,-0.00361189332516911,-0.0181163002405867
NC_035780.1_24807218,B11,0.0631937788385205,0.258129687000813,-0.0304406250546958,-0.0402238150478736,-0.1261719402266
NC_035780.1_24826351,B11,0.0637519275534623,0.8831222808227,0.048658754036661,-0.0319440989926626,0.0288803735024665
NC_035780.1_25202948,B11,0.120466621971804,1.56557817710291,-0.0522076187337796,-0.0634973438776684,0.063692912137328
NC_035780.1_25203176,B11,0.0278216818044075,0.200721307742935,-0.0390167606726677,-0.00271680127822732,0.0164637401889705
NC_035780.1_26403392,B11,-0.0291329656862745,-3.19603428935352,-0.00598958333333333,0.0125,-0.00654761904761905
NC_035780.1_26403406,B11,-0.047305525015,-1.31628962850673,0.0200709215247803,-0.010104106598009,-0.0184451219512195
NC_035780.1_26587849,B11,-0.0723490579276216,-0.602914579153909,0.0906183762532953,0.016868925614757,-0.0684336563269532
NC_035780.1_27798655,B11,0.00226547492058884,-0.0464190562624542,-0.0500926383999383,-0.0596589511243228,0.0280791881815786
NC_035780.1_27833517,B11,-0.015868999421631,-0.239680666832765,0.0235805860805861,0.0355690286724769,-0.037012987012987
NC_035780.1_27851034,B11,-0.0315855336311568,-0.213790945203123,0.0717360593795718,0.021806015510531,-0.0536246021330891
NC_035780.1_30691871,B11,0.117443793834647,0.515360068296409,-0.0267124491312659,-0.0723488341634921,0.0280428495442083
NC_035780.1_30691886,B11,-0.163467750504687,-0.656233572322682,0.0841509838833383,0.0465283202024301,-0.0731320937873358
NC_035780.1_32399018,B11,-0.102547592308003,-0.617039161504942,0.164539620888234,0.0867873688866144,-0.168390500649377
NC_035780.1_38284214,B11,0.0308419070106813,0.404788740855123,-0.00853937089391669,-0.0534701037548347,0.024990534113518
NC_035780.1_39347026,B11,-0.102606372913887,-0.451320336981576,-0.00194756987534939,0.0486892885362768,-0.00618440779610197
NC_035780.1_41731535,B11,-0.0177627633643841,-0.75645028417148,0.00418926886792453,0.0234699601812208,-0.0162202073026204
NC_035780.1_43048576,B11,-0.132170861336499,-0.529186531705903,0.04568831280529,0.0351502413773805,-0.00596342868096894
NC_035780.1_47116571,B11,0.154831893678472,0.621268831987639,-0.0077003147089969,-0.0234327245635236,-0.0225122100122099
NC_035780.1_47304766,B11,0.168595734795546,0.680869506123185,-0.0174976439964583,-0.000470607597913841,0.0203493668411689
NC_035780.1_48529141,B11,-0.159633328851193,-0.723846053119768,0.0998396542884806,0.124028969634467,-0.157537939954942
NC_035780.1_53792133,B11,0.0186571144009965,0.0760754234613771,0.0325001865950142,-0.00158896749413989,-0.0915244956193232
NC_035780.1_55395085,B11,-0.162608924155353,-0.652924534730195,0.158743658796863,0.0224324775852358,-0.0558898586766302
NC_035780.1_59723468,B11,0.0329789922648409,0.705896566759152,-0.0841495867231161,0.00817510826425962,0.07399531884826
NC_035780.1_60853968,B11,0.106603590510147,0.570493192066783,-0.0157476490444494,-0.0927916327821451,0.0539260865636577
NC_035780.1_62581100,B11,0.000240181297331839,0.544811084294111,0.0160183221040287,-0.0425775739202849,-0.00908909274638176
NC_035780.1_62581105,B11,0.0563743568228514,0.387136387269509,0.00823532869143936,-0.00656261146430975,0.00575245974955277
NC_035780.1_62762307,B11,-0.0104120331864278,-0.0207922050097031,0.0480198620823621,-0.0095322661736324,-0.0749426725036481
NC_035780.1_7037972,B11,-0.0528626366716964,-0.219460583116218,0.0654882598903132,0.0105496084124972,-0.00123895712131006
NC_035780.1_722952,B11,-0.0193802062770722,-0.0858506624151866,-0.0304446848269945,-0.0154313186869934,0.0214517138331882
NC_035780.1_8051153,B11,-0.0958632888287689,-0.396337893434984,0.179142021586503,0.103971005770227,-0.157171478410355
NC_035780.1_8154410,B11,0.0387157084464693,0.377292047670965,-0.0164736686291585,-0.0352859898760507,-0.0268090778793944
NC_035780.1_8699244,B11,-0.0143176728025443,-0.073483759269434,0.00443620207201695,0.000744853737811468,-0.0693171544529693
NC_035780.1_8742896,B11,-0.0526274874140996,-0.212990282922585,0.102815550928504,0.0385098815431607,0.0425325319557068
NC_035780.1_904338,B11,-0.0735591443261889,-0.553461138900101,0.0252050820328131,0.0710150295142722,0.00830154846748828
NC_035780.1_9535980,B11,0.0227396219501912,0.22162547812251,0.014700936006278,-0.0165509783138908,-0.00567265950762552
NC_035781.1_11872598,B11,0.026928908853199,0.227827861006533,-0.0125175846518437,-0.0555385465466391,0.0400423370383529
NC_035781.1_11878771,B11,-0.131460840267004,-0.536420956099285,0.059361337587144,0.00224168192918195,-0.0917594023726099
NC_035781.1_14518764,B11,0.0299944935544761,1.12370006923844,-0.040268312249905,-0.0194547938400397,0.0339938009322383
NC_035781.1_15204165,B11,-0.00908026439548448,-0.0473366314762171,-0.0194636401406185,0.0171921194787613,-0.0250157242368384
NC_035781.1_15534363,B11,-0.121872650913258,-0.496702402350579,0.0501434663361779,0.111624493109716,-0.0709325201652567
NC_035781.1_15749611,B11,-0.0937186039093374,-0.906748586089961,0.0275741424187227,0.0351004687258738,0.0119265442237356
NC_035781.1_16030326,B11,0.00190970805692993,0.0895307294550705,0.0145126678599459,-0.0552853671820142,0.0327999194847021
NC_035781.1_17461033,B11,0.0172858915788979,0.234808152922468,0.0212417966478358,0.00530985001129147,-0.0441204657140566
NC_035781.1_17461159,B11,-0.0544322218639801,-0.883355935945476,0.0185403721892571,0.0483681268563499,-0.0187570970724997
NC_035781.1_18119921,B11,-0.00154158024364323,-0.186649503827784,0.0340479232259982,-0.0661161317110275,0.0299525032143102
NC_035781.1_20342878,B11,0.0617956002064036,0.271354680047093,-0.0643982455949532,-0.107066845750846,0.116611533077546
NC_035781.1_22892689,B11,0.0249204742361717,0.254649443822309,-0.0337776355217386,-0.0473147046684389,0.0537485281978506
NC_035781.1_24186589,B11,0.0616559992998612,0.266200403915647,-0.110149512866904,0.0112272987272987,-0.0331372901140343
NC_035781.1_24671946,B11,-0.158345578008421,-0.638092812438982,0.0401818693637915,0.21293316668291,-0.0760783722740244
NC_035781.1_25352616,B11,0.0246279761904762,0.141718837860687,0.0131696428571429,0.0442460317460318,-0.033531746031746
NC_035781.1_25533148,B11,-0.196565595138106,-1.00644612731361,0.0497570502079278,0.188579397276152,0.102528345555729
NC_035781.1_25939827,B11,0.0102525628238715,0.158333965802369,-0.0260693763323628,-0.0137872892419656,0.0219375284616314
NC_035781.1_25939836,B11,0.0145968556846374,0.823510534368397,-0.0219681088095209,-0.0121205269536352,0.0110663911919647
NC_035781.1_25940324,B11,0.0131641810770684,0.526587740332807,0.0126347326528798,-0.00830941628329042,-0.00778253773969808
NC_035781.1_26327944,B11,-0.0560348781205956,-0.231908703788918,0.0111268319664973,-0.0015716640120706,-0.0144039106149433
NC_035781.1_26327946,B11,-0.0197042268740778,-0.102555531430008,0.0430495112755932,-0.000938811478257529,-0.0110888089344561
NC_035781.1_2867560,B11,-0.0264771666998739,-0.216851768719525,-0.020461670275811,0.0132527910939539,0.0313529650337497
NC_035781.1_31089476,B11,0.077983196768804,0.742919650776187,0.0319564167577661,-0.118104596691553,0.0157969043838609
NC_035781.1_3667502,B11,-0.0827908992727457,-0.95670880250275,0.0427734694683847,0.094920263738194,-0.0437730180267494
NC_035781.1_3667508,B11,-0.0932311767251888,-1.05252251473401,0.0465919954525489,0.105059695943155,-0.0261904761904762
NC_035781.1_38702474,B11,-0.0218594312312859,-0.256518271518912,-0.0434312756723242,0.107489561970112,-0.000374013241660309
NC_035781.1_41536634,B11,-0.0133181786266014,-0.235610313124166,0.0164506649424723,-0.00167055914794306,-0.0226016038691671
NC_035781.1_42388844,B11,0.117312172081748,0.750428727880678,-0.0255130004027451,0.00452357185444596,0.0141843971631206
NC_035781.1_42504263,B11,-0.110744884918885,-0.574978394375155,0.0193931779913873,-0.0671954024250257,0.0613410510918983
NC_035781.1_42504632,B11,-0.116838555691155,-0.504606046822701,0.134682603198515,0.0635224110514808,-0.0884995674842294
NC_035781.1_45043534,B11,0.0293689146128746,0.13065964339722,-0.0131025056000316,-0.103309275548699,0.0101636520241171
NC_035781.1_46289986,B11,-0.0308267105593698,-0.212754904454376,0.0156553041243024,-0.00222605729391812,-0.0598306632789391
NC_035781.1_48602804,B11,0.0388834808638578,0.527056444087909,-0.023358432218229,-0.0266708111322937,0.0164110799282901
NC_035781.1_50345725,B11,0.0302757064120828,0.188088850110093,-0.0238075031845959,-0.0523552293117511,0.0512643908024343
NC_035781.1_50345817,B11,0.0964790576192941,0.627388139995236,-0.044358658722819,-0.0209332296217483,-0.00352579086800683
NC_035781.1_50441943,B11,-0.120680005210007,-1.08820886684095,0.126838417749234,0.0312103421211581,-0.0239080148188308
NC_035781.1_52643324,B11,0.012698417207848,0.0805039898649777,-0.141997462982009,-0.0486833670616019,0.0656225559424127
NC_035781.1_52644315,B11,-0.0201226042693771,-0.147541849429145,0.00139602789575563,0.0732602205948234,0.00148325869334418
NC_035781.1_53497699,B11,-0.0410272800080355,-0.806433076397035,0.00781110183284096,0.0544657234874626,-0.0661994399625584
NC_035781.1_53497708,B11,0.10180713247069,0.44841013986992,0.0397975254695975,-0.00744419791956269,0.0161614123451563
NC_035781.1_53501866,B11,0.0468359426700415,0.635872663371622,-0.0651832887936583,-0.0311977169043166,0.0212739304720437
NC_035781.1_54165892,B11,0.238244315474291,1.49830373593759,-0.120180421373812,-0.0893223443223443,-0.00317182817182815
NC_035781.1_54165925,B11,0.103535430202873,0.441851391167348,-0.0703134785031337,-0.0200992574809858,-0.00566320382435515
NC_035781.1_54619306,B11,0.0246210341092974,0.164101591043817,0.0182580077934069,0.00792255493449826,-0.0452918400368212
NC_035781.1_60892792,B11,-0.0182393315853473,-0.727303648825656,0.00413194444444444,0.0276286764705882,-0.00462936046511628
NC_035781.1_851815,B11,-0.0470934494034423,-0.179857548097704,-0.0482279566153072,0.103431598400042,0.0255095265592285
NC_035782.1_10096993,B11,-0.0471554251541095,-0.49510641728851,-0.015905053120685,0.0559201228956675,0.0389200859151296
NC_035782.1_10131905,B11,-0.156799161934239,-0.662883594636836,0.142258544347585,0.0850008145975887,-0.0662542087542087
NC_035782.1_16023357,B11,-0.00429571964455799,-0.251042868861236,0.0290349157587809,0.0336901709140093,-0.0456707739660409
NC_035782.1_17452175,B11,-0.0768189504857421,-0.347022581116735,0.0256394131086333,0.00497070189998056,-0.0970870870870871
NC_035782.1_17515837,B11,-0.0832756364006364,-0.449913042829371,0.0946744227994228,0.035991785991786,0.124475936975937
NC_035782.1_17515838,B11,-0.0644115145099028,-0.348771598527326,0.105214607252651,0.0247516674147109,0.086938360393738
NC_035782.1_17515839,B11,-0.0718657782666403,-0.386467770603479,0.0946744227994228,0.0408266208266208,0.0119522290574923
NC_035782.1_17515870,B11,0.00038104013015311,0.00180411141543317,0.00964115519529396,-0.0427424718294163,0.0196838669716028
NC_035782.1_19358071,B11,0.098058811818573,0.643779016728066,-0.041776325090672,-0.00402961571541377,0.00383553765248326
NC_035782.1_19358112,B11,-0.00250960824672125,-0.0639156773984317,-0.000845340156369265,0.0210509673824221,-0.0380657807695328
NC_035782.1_19358139,B11,0.00483475207484821,0.0994842062580816,-0.0182841614022821,0.0156590371892816,-0.0195238699539241
NC_035782.1_22882586,B11,0.0420184450329544,0.177824349178584,-0.0175366484280624,-0.0273271016239517,0.0386465349885303
NC_035782.1_24626628,B11,0.0380545532149475,0.475016568419315,-0.0425105714004739,0.0268303379328224,0.031052057449573
NC_035782.1_24626695,B11,-0.0326014765721888,-0.136849866077968,0.0276245059518359,0.0393624714357662,-0.0119488983871349
NC_035782.1_2902901,B11,-0.079319029522726,-0.318063807178078,-0.0046496505283915,0.0315346717236252,0.100735028860029
NC_035782.1_30247758,B11,-0.0121799072890722,-0.0974166119117207,0.075690299664183,0.0455139758465573,-0.00327901430842606
NC_035782.1_30568691,B11,0.0721652820080764,0.77474187231407,-0.016255098665071,-0.0440857372915656,0.0341380950043448
NC_035782.1_31260835,B11,-0.0135125151400959,-0.213161177696551,0.0230497451584537,0.0139522581029766,0.0175639343309374
NC_035782.1_31789635,B11,-0.00237538980117906,0.0905197037954899,0.031151928887415,-0.0154615779001693,-0.112991815379646
NC_035782.1_37436477,B11,0.00854804321867855,0.138321398189969,0.0331503606799396,0.011228109085894,-0.0792133520074697
NC_035782.1_38378487,B11,-0.0880429205464507,-0.949112830998779,0.0682301220468979,0.0707527948691465,-0.0498158428525675
NC_035782.1_38378544,B11,-0.106015024109985,-0.987506290398459,0.0179361195489691,0.0817230182523282,-0.0510810997513125
NC_035782.1_38378547,B11,-0.108056893437011,-0.981553039117824,0.0255053781192354,0.0787823450510362,-0.0841064633638717
NC_035782.1_38679741,B11,0.0894441775658097,1.46623261509668,-0.0306279215318117,-0.0513659285836705,0.0534639460695799
NC_035782.1_38679817,B11,0.0806719789354073,0.344149983547119,0.000134778217412423,-0.0165277984758869,-0.210292256469168
NC_035782.1_42172961,B11,-0.0204451529891739,-0.358826297970696,-0.00156756108768492,0.0296105869248284,0.0155544088980621
NC_035782.1_45453585,B11,0.0593800623698458,0.281036500821089,-0.0949352103528305,-0.0441673028553833,0.0592629365995972
NC_035782.1_45854300,B11,-0.0350611845633466,-0.445464200723195,-0.0197943919509486,0.0183588492799019,-0.0296085858585859
NC_035782.1_48033101,B11,-0.00587766473754914,-0.0237189730711267,0.0290321484101596,0.0151064204161249,-0.0771049755069592
NC_035782.1_48033113,B11,-0.00946478554358027,-0.0379245864584807,-0.0395544531163714,0.00201890483125966,0.0758852937532559
NC_035782.1_4861648,B11,0.0414498441413764,0.629758256486359,0.0101408090117767,-0.0452196854112177,-0.0401353355580274
NC_035782.1_49595662,B11,0.0428340044480152,0.305315820361722,-0.00094333953559328,-0.0271129592326898,-0.0378218962884661
NC_035782.1_49595680,B11,0.0260781582955917,0.201467128747467,0.00543705325682073,-0.0510926152375386,-0.00927643784786644
NC_035782.1_49596815,B11,0.0832493435670014,0.610664638911204,-0.0952293220363915,-0.0262770828990328,0.0254304782293397
NC_035782.1_50474107,B11,0.01661902048435,0.657717952265636,0.000525486427391343,-0.00628157238312851,0.00335844668361508
NC_035782.1_51088696,B11,-0.0580431077082757,-0.23405696835718,0.0593089740464445,0.100812944782089,-0.0478068857276431
NC_035782.1_52124941,B11,-0.0121594994006259,-0.0705295911841906,0.0682176297234622,0.00498036613453615,-0.0506952263580047
NC_035782.1_52295254,B11,-0.0282727716750774,-0.182349619770345,-0.0527017941290486,0.0429794440344084,0.0446735346738319
NC_035782.1_52777030,B11,-0.0331586984706415,-0.324178996591423,0.0149361663936202,-0.0449875896274722,0.109790197080738
NC_035782.1_53239354,B11,0.00872670814106147,0.0686258836550602,-0.024732350895834,0.00516581856183837,-0.0233137360405556
NC_035782.1_53242069,B11,0.0296690373869385,0.33928900789004,-0.0513268887569465,0.00575221166354171,0.00407885765028622
NC_035782.1_55861259,B11,0.0365262467074942,0.187201559846101,0.0313215128172256,-0.0958834459910813,0.0281554354802702
NC_035782.1_58196359,B11,-0.146789169879781,-0.609443870774684,0.00941952400936158,0.146934523510408,-0.0721904386373409
NC_035782.1_58677480,B11,-0.0744069128884029,-0.567805967336907,-0.0218920518262623,0.023442981647316,0.00930175639477965
NC_035782.1_61292582,B11,0.0404572041508191,0.237112029771401,0.00843484422840696,0.0100719605641563,-0.0405758608540431
NC_035782.1_61293962,B11,0.0944675341018972,0.417824388936571,-0.0506692239114557,-0.0146810849434405,0.0273626285460368
NC_035782.1_61714858,B11,-0.0230458723161419,-0.194837975837374,-0.0343651229556443,0.0224158940061813,0.00592681258549932
NC_035782.1_63385233,B11,0.0407110214164397,0.185263797786381,0.0335698605269809,0.0747009641580845,-0.21726774696877
NC_035782.1_63385247,B11,0.064119073790413,0.275387480247026,0.00653700957371772,0.033205497366151,-0.18832742516953
NC_035782.1_64889142,B11,0.0477708637756576,0.598464063783211,-0.0779995447532586,-0.0539856258081706,0.101348972981764
NC_035782.1_67568695,B11,0.0605215871526847,4.20199833674246,-0.00550595238095238,-0.0441964285714286,0.00631764069264069
NC_035782.1_6828789,B11,-0.0221318244722671,-0.170904271443012,0.0176245014327141,0.0352472899728997,0.0175311533640542
NC_035782.1_6828857,B11,-0.0206737010775505,-0.192291916298757,0.0236585473350179,0.0596406340541831,-0.067113058150794
NC_035782.1_68639810,B11,0.0258335181683924,0.506175053942728,-0.089938170206664,0.0090180886164552,0.074214978245986
NC_035782.1_70197207,B11,0.170200415942933,0.792513686576973,-0.140570355892426,-0.132364532055699,0.0849620962522197
NC_035783.1_10536993,B11,0.128880829617427,0.794658418355948,-0.0256835269993165,-0.109712270488133,0.15717057332911
NC_035783.1_10572445,B11,0.0907148642160948,0.816265616949702,-0.0121439265839373,-0.0650114991994938,-0.0225283295136236
NC_035783.1_13630929,B11,-0.00789185851685852,-0.274497752181341,-0.00438933251433251,0.0059446621946622,-0.0273301818113139
NC_035783.1_1381704,B11,0.109476020810951,0.520097138128957,-0.173260097954684,-0.0975735880468622,0.108042864141138
NC_035783.1_14126152,B11,-0.00248302461869869,-0.210063388004584,-0.00571584186407419,-0.00861845782444694,0.00303807329669399
NC_035783.1_16287622,B11,0.0759265244559362,1.24768615153198,-0.0562836673130791,-0.0622710622710623,0.0061116419812072
NC_035783.1_17230384,B11,0.10386353151642,0.846257909588438,-0.033217727898579,-0.0457269458798341,0.0026190391477163
NC_035783.1_18683241,B11,0.0831647724740776,0.675509295513152,-0.0299440834105784,-0.0424349813439268,0.0070852780682204
NC_035783.1_19550350,B11,-0.139773848280001,-0.631980248724015,0.0213658572994149,0.0786093559841955,0.0105714722619685
NC_035783.1_20018616,B11,-0.0226995738856139,-0.0192769326941542,-0.0551311863811864,0.0420681648267855,0.0544401544401544
NC_035783.1_22600831,B11,0.0154535676325517,0.0619155064652508,-0.00641377891884987,-0.0346946893686024,-0.0377272727272727
NC_035783.1_23565352,B11,0.0545859060331271,0.254295755962959,-0.0543575161404271,-0.0725357597879714,0.0755631580893867
NC_035783.1_25285436,B11,0.0934767866926788,0.681702349846085,-0.0861176866611649,-0.0388685388685389,0.0643315018315018
NC_035783.1_27390097,B11,0.0854000693079754,0.360889989792216,-0.0538132898593539,0.0509419446685825,-0.0126529477196885
NC_035783.1_27390138,B11,-0.0310758707232726,-0.255019468047226,-0.0224959580009951,0.0042000792000792,0.0238324175824176
NC_035783.1_27815822,B11,0.0984104501406189,0.419576303643343,0.0151979900303212,-0.0586033305462653,0.0255167077392477
NC_035783.1_28271776,B11,-0.0698863429314733,-0.758971677324553,-0.0189480943111222,0.00389165352400647,-0.0122419341957157
NC_035783.1_28573496,B11,-0.00571475915776559,-0.0779997693779277,0.00542282962990988,0.00751578952360003,-0.0443303046016619
NC_035783.1_28679770,B11,0.0134720954907042,0.313030009731071,-0.0209185724477674,-0.0111877469459091,0.0348450048196356
NC_035783.1_30669191,B11,0.0227443494494571,0.197652042251849,0.0059783384699755,0.0126718699960078,-0.060494969698779
NC_035783.1_30669197,B11,0.0177557630768572,0.147491657141938,0.0156001856076019,0.00924778432009886,-0.0529993408042189
NC_035783.1_32175548,B11,-0.0481493165677605,-1.03850478004344,0.0297929917419527,0.0176389470744309,-0.0413642838583576
NC_035783.1_35141127,B11,0.0100424470004463,0.0487273525662155,0.0244426844148786,-0.0219684360816078,-0.108569668541863
NC_035783.1_3808851,B11,0.0548736829278422,0.663750265262805,-0.0269123139566575,-0.0401144070277469,0.0375234276418924
NC_035783.1_41424284,B11,0.073965693067235,1.00127935581349,-0.063893417672379,-0.00823343438081672,0.0319968157023376
NC_035783.1_42334807,B11,-0.0498664542860683,-0.301718903271564,0.0495409959421754,0.0494682326431011,-0.0679378986664009
NC_035783.1_42341580,B11,-0.0788654653646785,-1.16057254442784,0.0696954914376712,0.0165003653333837,-0.0182456251491927
NC_035783.1_42342229,B11,-0.0192958650834291,-0.111117612417637,-0.0303693459090157,0.0072987104491834,-0.0158585377776393
NC_035783.1_42521135,B11,-0.00173884906230226,-0.00655978517193803,-0.019664771586149,-0.0132050184236528,-0.0173275356721856
NC_035783.1_42713278,B11,-0.0865875231273102,-0.351735170838115,0.0988260829785598,0.0550085351590033,-0.0629738682370262
NC_035783.1_43713490,B11,-0.0288048586176273,-0.57688464103245,-0.00457603033822546,0.0373803827751196,-0.0379689754689755
NC_035783.1_44995869,B11,-0.147083155497837,-0.897043514531298,0.0460621608783373,0.0817053049289891,0.00488095238095237
NC_035783.1_46365481,B11,-0.0109735023292355,-0.0957274684710328,-0.0189293658901428,-0.00283477363810125,-0.0070772305122699
NC_035783.1_46373095,B11,0.0409441822433854,0.183561411835108,-0.00758114101963642,-0.0442844703144014,-0.000233073545247708
NC_035783.1_46373201,B11,0.00843691348178699,0.0310843157478783,0.0287527666025569,-0.051237313245208,-0.0597669915683947
NC_035783.1_49912963,B11,-0.0336481001295889,-0.636143879294886,0.0243201881377711,0.030502608982623,-0.0439854513558066
NC_035783.1_49913403,B11,0.0127473651554851,0.487564139993304,0.0128941939286767,-0.00652751911005763,-0.00798974303365976
NC_035783.1_49914795,B11,0.0111687496415727,-0.193141095111736,-0.0361171904929173,0.0649222488038277,-0.00696770334928229
NC_035783.1_50322456,B11,0.0546296568104049,0.354614857383115,-0.0663390740589117,-0.00996080420884304,-0.000951784218989282
NC_035783.1_50322462,B11,0.0553376991310118,0.425157471216004,-0.0615939212570802,-0.0166689797042317,0.0109093974475564
NC_035783.1_50322903,B11,0.0387826639450072,0.430369413418888,-0.00953780203091709,-0.00995788226150671,-0.0106776003325625
NC_035783.1_50930434,B11,0.0167613920271432,0.227713655664579,0.00225005957206936,0.0336628863760387,0.00189639305420847
NC_035783.1_53415755,B11,0.00522755766761601,0.0257930599601688,-0.104039270790724,0.027889941653194,0.0530229827459336
NC_035783.1_55565612,B11,0.179846248415327,1.88089275946433,-0.0919791666666667,-0.0708890597706387,0.0563033661740558
NC_035783.1_57408772,B11,0.049205770563218,0.198040232849353,-0.00890054895364861,0.00364282813890882,0.0104452984492178
NC_035783.1_58525962,B11,0.029101516352904,0.175640672485428,-0.0533341959972395,0.042877140974967,-0.0231087470449172
NC_035783.1_5914854,B11,0.0550971745784768,0.311740848558347,-0.00411597476450956,-0.102719903515497,-0.0475631467675531
NC_035783.1_5914857,B11,0.0267022893190643,0.122473190580324,0.0142884777031119,-0.0879968295821954,-0.0489855545876887
NC_035783.1_8800083,B11,-0.0199104399430994,-0.138137828471366,-0.0164992062860011,0.0356441996508337,0.0761500928289088
NC_035784.1_12681743,B11,-0.120341153915049,-0.783078610761584,0.0285239116390356,0.0738438485159936,0.0416561844863732
NC_035784.1_12681792,B11,-0.0278288764445664,-0.161146148040353,-0.00589294438526841,-0.00685078632055397,0.0910611065773859
NC_035784.1_13206981,B11,0.152877377877378,0.619386485148193,0.0319262444262444,-0.035964035964036,0.101661779081134
NC_035784.1_13969211,B11,0.00556202674014938,0.0963978990257308,-0.0125958609662992,0.0226228475123168,-0.0171073363537476
NC_035784.1_16598697,B11,0.185064841900345,1.13782701315337,-0.040014668126206,-0.132617849828225,0.136084998824644
NC_035784.1_18765295,B11,0.135533221077571,0.829212225271224,0.00651910978564724,-0.054306107627688,-0.00146402361991416
NC_035784.1_21690473,B11,0.499054301295681,2.03610518943486,-0.210121102036394,-0.278765978316203,0.200119564343702
NC_035784.1_21690645,B11,-0.0208181700952177,-0.0984980768086726,0.0506600156897776,0.0745987654320988,-0.0324955908289242
NC_035784.1_23281601,B11,0.00346413759643247,0.0310453292593265,0.0140015039971161,-0.00262724300953787,0.0228721343471105
NC_035784.1_2577783,B11,-0.0339494371272968,-0.563298433488296,0.000566397904077712,-0.0101159887549756,0.0150556136215383
NC_035784.1_2577915,B11,0.0441769310233273,1.74820053449985,-0.00896921268507403,-0.00869497508305648,0.0234375
NC_035784.1_27720019,B11,0.0447704418359861,0.645986887018675,-0.0264889382925753,0.017685829449325,-0.0245937320637028
NC_035784.1_2789865,B11,0.134486507895069,0.549895412615342,-0.0797329222915489,-0.117443174525385,-0.0206642304919582
NC_035784.1_29462602,B11,-0.0317730325227871,-3.48874801688483,0.031371087928465,0.0349364791288566,-0.0478603603603604
NC_035784.1_3179672,B11,-0.0466136008620732,-0.320284360408384,-0.0243081118728269,0.011955085545924,0.0544171727395412
NC_035784.1_32769358,B11,0.0215792953116066,0.560725564989714,0.0302672955974843,0,-0.0357142857142857
NC_035784.1_33738595,B11,0.0581578656708813,0.278786126954449,-0.0598356151521113,0.0286669743283008,0.0922939563604525
NC_035784.1_33796581,B11,-0.0842795482450655,-4.55502396672315,0.0504002379002379,0.0802873563218391,-0.0347222222222222
NC_035784.1_33796582,B11,-0.118460086434879,-1.04436696000978,0.052001890832719,0.111210802976719,-0.0262342786338482
NC_035784.1_37718390,B11,0.126063260747953,1.28933568876927,-0.0829761395358315,-0.110738079106982,0.103497225448445
NC_035784.1_37718554,B11,0.12802125544163,0.862982623476975,-0.0334355171058912,-0.0619817481230525,0.108724472990777
NC_035784.1_38263340,B11,-0.0138277807598088,-0.0715106651727656,0.0108988208074517,-0.0140006835940537,0.0779474610356963
NC_035784.1_38672323,B11,-0.173362096542255,-3.27052903025141,0.0916859601786186,0.0985619772384478,-0.108031674208145
NC_035784.1_3893648,B11,0.0535681126979131,0.419206997828803,-0.0590718817230464,-0.0561106794555782,0.0390356537868025
NC_035784.1_39585835,B11,-0.00436636189467271,-0.0270758383676155,-0.0209509034549202,-0.00270562770562771,0.0639788293897883
NC_035784.1_39585870,B11,-0.211359370653171,-0.954416241475518,-0.0156798419933417,0.109607992605199,0.0415046910478596
NC_035784.1_42706092,B11,0.00713377336758977,0.0251986666051429,0.0313548082038428,0.017530054837732,0.0671208015522548
NC_035784.1_42815897,B11,-0.0883235669467921,-1.55759282134477,0.0256589815413345,0.00312865564893963,0.034527972027972
NC_035784.1_42950208,B11,-0.0385673801259993,-0.19574536311103,0.0540764438501717,0.00961151952132589,-0.0964083418420229
NC_035784.1_42950264,B11,0.0712702711828662,0.285910877611767,-0.0498464605193672,-0.0856175440064683,0.0652806324212547
NC_035784.1_45591203,B11,0.00177769277894673,0.0422088691803464,-0.0019199107339328,-0.00137283602377027,0.0276898540056435
NC_035784.1_46098398,B11,-0.121537395489481,-1.40456886555456,0.0405905861855519,0.0533909069285906,-0.00873220188151538
NC_035784.1_46174068,B11,0.010049572251322,0.726919683124804,-0.00925925925925926,-0.0246749931267429,0.0298032407407407
NC_035784.1_47298121,B11,0.0211033975099311,0.938544145155328,-0.00443673084326442,-0.0422954238743712,-0.0101014546094638
NC_035784.1_49066839,B11,-0.335641573953327,-1.34631786382833,0.165074395019936,0.174789856757456,-0.0718511384223965
NC_035784.1_50794881,B11,-0.170396841095043,-0.806617323423328,0.0527342460125479,0.0524291374866087,-0.00437525437525432
NC_035784.1_52837552,B11,-0.00398329572567796,0.0269467016000757,-0.0524512225699908,0.0385238352307915,-0.049136001512939
NC_035784.1_52837566,B11,0.025336644021475,0.213582497278566,0.00973840174753415,0.026163855330522,-0.0540373707040374
NC_035784.1_53424297,B11,0.0567287950949377,3.28535569711669,-0.0212214587214587,-0.00805490177609993,0.013519843941804
NC_035784.1_53630692,B11,-0.0337644822493105,-0.248363268865566,-0.0753261380898759,0.00194419598489365,0.0562822997416021
NC_035784.1_53630697,B11,-0.0511300746626871,-0.825291602342696,-0.00379057887077133,0.0649071618037135,-0.0814837744304922
NC_035784.1_54987702,B11,0.0448591450534441,0.334028987285165,-0.0436342072005992,-0.0207118425969091,0.0188348269368141
NC_035784.1_57362946,B11,-0.10597963915978,-0.532330656340531,-0.00801928301928295,-0.0333382789372083,-0.0273560342991641
NC_035784.1_58762117,B11,-0.0130202661554658,-0.0722315665031041,-0.0398055097635304,-0.0575909341428003,0.0475581536962611
NC_035784.1_59652784,B11,-0.0336552963718,-1.10725101127739,-0.01011522907976,0.00294024614676789,-0.0252616747181965
NC_035784.1_61699177,B11,0.0279892322157698,0.119621734726188,-0.00951733852326031,-0.0868489365749671,0.0411893123827342
NC_035784.1_61699187,B11,0.0695553634453511,0.288076324773989,0.0200733525733526,0.00637163561076604,0.0291965311617264
NC_035784.1_66326187,B11,-0.0313927001454488,-0.691454326783043,0.0030810484208219,-0.0065965257653577,-0.0201517891391309
NC_035784.1_66391819,B11,-0.0376140285649886,-0.611537641167216,-0.00277777777777778,0.0589370145221209,-0.033061821219716
NC_035784.1_67597301,B11,-0.0466614597415296,-0.271968613402097,0.00756077256077256,0.0132304575473232,0.0083385058568882
NC_035784.1_67698931,B11,-0.167573954363262,-1.11106495904285,0.136099288045347,0.111287899855058,-0.0660679374389052
NC_035784.1_6893376,B11,-0.0636268487932497,-1.59911683437428,0.0435473310941173,0.0545903856418792,-0.0565226569096538
NC_035784.1_69433683,B11,-0.0661593948162746,-0.26726208066012,0.138183414745915,0.141234866082427,-0.12122113997114
NC_035784.1_75256049,B11,-0.0599314551103065,-0.285357730325076,-0.0527554000017922,0.0249443841124656,-0.0170742849110971
NC_035784.1_75702438,B11,-0.050754274794984,-0.281425875902172,0.0258824858102403,-0.01631166497171,-0.0680395291429164
NC_035784.1_78251457,B11,-0.0368496125362147,-0.576684408565462,-0.0210851033948665,0.00758750612022754,0.0449393756002026
NC_035784.1_79538908,B11,-0.00819239515316769,-0.0559537316299608,0.00754679723356524,0.00306735180263815,-0.0582726800772177
NC_035784.1_79541066,B11,-0.0743530995343174,-0.307559813304416,0.0524606412274614,0.0156565757109235,0.0344907407407408
NC_035784.1_8482483,B11,0.0496008448667075,0.231526888290451,0.00642120371721894,-0.00521605310881335,-0.0641323923369578
NC_035784.1_87006779,B11,0.0931566771600787,0.547810450420984,-0.0541174024030998,0.00959264009505251,0.112433331969029
NC_035784.1_87863728,B11,-0.00919931429542792,-0.0393301592822215,-0.0436606543705481,-0.0130118278636449,0.00961390604788681
NC_035784.1_89036640,B11,0.0212397272812727,0.0856227122560944,0.0344692527045468,-0.0201219998848935,0.133419133419133
NC_035784.1_96544995,B11,-0.0609164442019725,-0.78147657029079,0.0621207843118598,-0.0208638511899381,0.0459932507758595
NC_035784.1_98298543,B11,0.00467665427310855,0.309468652440459,-0.010348929631667,0.00138227524707649,0.00294008985056481
NC_035784.1_98299010,B11,0.0325196286245973,0.130307732981502,-0.0285185610945663,-0.0180883428166037,-0.000187131708870858
NC_035784.1_98432224,B11,-0.0383861086869823,-1.68005229814383,-0.00248399571654601,0.0150505258825027,0.0253294010571639
NC_035785.1_10010609,B11,0.00472985844054698,-0.0723059613207027,-0.0286684325974294,-0.0182082748043823,-0.0122322667968735
NC_035785.1_10010618,B11,0.00553156769485259,-0.0649397417699364,-0.0266661904871319,-0.0220831499842075,-0.010872899305658
NC_035785.1_15563453,B11,0.028777518450862,0.523241132288781,0.0151281986996273,0.00316131237183867,-0.0752164502164502
NC_035785.1_15621457,B11,0.00734269426902927,0.0533574049530681,0.0041600070745234,0.0366226903919651,-0.0177692112443683
NC_035785.1_16015901,B11,0.0141114742468742,0.0814267328039704,-0.0449277621790772,0.0138306786180143,0.0233741905541835
NC_035785.1_16042958,B11,-0.0253024740753686,-0.205374489180803,0.0392856922911468,0.0108593862323307,-0.0242904700759055
NC_035785.1_16043096,B11,0.00349474951568025,0.0420304784453447,-0.0143957086195567,-0.00198212598052076,0.00371139321120263
NC_035785.1_16116217,B11,0.0417832490561693,0.335346774741354,0.0273141186299081,0.0564461725550435,-0.120927287581699
NC_035785.1_16435934,B11,-0.0221082836604477,-0.116431275049055,0.0568679661022217,-0.0162133668718783,0.0248079565185852
NC_035785.1_17429236,B11,0.0237856843012624,1.2521097154753,-0.0194581440622972,-0.0328879462707671,0.00311594202898551
NC_035785.1_18055883,B11,-0.0535474737700982,-0.429981293251267,0.00240413252478769,0.0531165359003569,-0.0518310566983729
NC_035785.1_18097098,B11,0.00342755031660578,0.0484713223724209,0.0181692822681195,0.00338715338715339,0.0260958022408675
NC_035785.1_19891149,B11,-0.0426504969813933,-0.348370282111758,0.036226137007961,-0.00823950005122578,-0.0621304178912875
NC_035785.1_21620143,B11,0.0365525241697312,0.631652371502937,0.00442786386903873,-0.0356338542843227,-0.00503344518434665
NC_035785.1_2292261,B11,-0.0886926201698489,-0.706122737025821,0.0651609653356342,0.0397068336759433,-0.00713621056362991
NC_035785.1_23438633,B11,0.0949738487973807,0.386617268851877,-0.0592159163871929,-0.0693281291999442,0.0867150978936369
NC_035785.1_26977195,B11,0.0726316744727243,1.13314510168231,-0.0235641187235595,-0.00557206561644248,-0.0118739906085384
NC_035785.1_32466654,B11,-0.0446829225179156,-0.262066408350651,0.00129746053182153,0.091808024391442,-0.111158118741536
NC_035785.1_32509620,B11,-0.106537377473237,-0.900631560786174,0.0448906535662829,-0.0043941746659138,0.0228494339456412
NC_035785.1_32568170,B11,-0.0962948879539127,-0.520563323795,0.0736738120845406,0.103883321346557,0.04653246996997
NC_035785.1_32568188,B11,-0.0676261861286949,-0.460620708500079,0.00767413909828771,0.072682154357379,-0.0460300801443292
NC_035785.1_32580734,B11,0.109263638281495,2.01905093469966,-0.00927969365469365,-0.0516099328599329,0.016217824967825
NC_035785.1_33087320,B11,-0.0246873798504233,-0.112395581328694,0.00322385947385945,-0.0472569097569098,0.0851601355633614
NC_035785.1_33209301,B11,-0.00945086827142067,-0.0371838636308468,-0.00867189085007103,0.0520930067805602,0.0154505023456636
NC_035785.1_33355289,B11,-0.00371812013221305,0.0229473806501515,0.0297132528835823,-0.0282498133162213,-0.0293483952128383
NC_035785.1_37129674,B11,-0.230151931509493,-1.24074670774367,0.151742801771872,0.182824941753468,-0.123126619242646
NC_035785.1_3922785,B11,-0.0621603291533297,-0.306827694828885,-0.038558282397859,0.0172060209631289,0.0598320619733206
NC_035785.1_40814417,B11,0.0130910892785208,2.46743268704012,-0.00243349290663868,-0.0285947712418301,-0.0441325014854427
NC_035785.1_41726355,B11,0.0305810356594544,0.551097976928046,-0.0858622065118183,0.01193552553381,0.0219039548782511
NC_035785.1_41888315,B11,0.0397120799571999,0.186093148470252,0.00283468268358672,-0.0217222516720764,-0.00879298472551288
NC_035785.1_42465494,B11,0.0481829815727169,0.199647110658801,0.0180360795646371,-0.0140111684084536,-0.0576057158835812
NC_035785.1_5331751,B11,-0.0950054076232922,-1.00824260109168,-0.00925763425763426,0.0212411877383827,0.109216684216684
NC_035785.1_8296098,B11,-0.0357046540590311,-0.397606657929357,0.023577426897562,0.0359532528260195,-0.0437841938148552
NC_035785.1_897188,B11,-0.057176250456273,-0.288179041343752,-0.0133204457635404,-0.0429547707705942,-0.0819245635079301
NC_035786.1_15586029,B11,-0.0221702801687232,-0.693611370539606,0.0185328246290937,-0.0142857142857143,0.00804872495446266
NC_035786.1_15586035,B11,0.0159328412112835,0.111306353511773,-0.0473955222180374,-0.0104830982982243,0.000175787929337617
NC_035786.1_15586041,B11,0.0466438358200491,0.311108909576458,-0.0560333566400219,-0.0213741501058153,-0.0533962184145532
NC_035786.1_15586306,B11,-0.0290054065054065,-0.133827319921224,0.0199816395746628,0.137621986684487,-0.0684482461808043
NC_035786.1_1597848,B11,-0.0475458270178098,-4.03144776132644,0.0361721611721612,0.0203104187479187,-0.0361721611721612
NC_035786.1_21103115,B11,0.000967714578595638,0.061288635033482,0.0303217595971391,0.0253894982310542,0.0365299240160505
NC_035786.1_29259557,B11,0.0350883277455527,0.166663872557798,-0.00363365705324176,0.0396164323025474,-0.0189659605100782
NC_035786.1_33113482,B11,0.0501644460846386,3.92877571506208,-0.011745090421561,-0.0572390572390572,0.00885196046486369
NC_035786.1_34652896,B11,-0.0302389614909362,-0.993662180666701,-0.0108734772978959,0.0176887926887927,-0.0236542443064182
NC_035786.1_34673724,B11,-0.0449196820568184,-0.269376712653805,-0.0052952485928949,-0.0131425193536995,0.0470995533107335
NC_035786.1_34673727,B11,-0.0579130420151275,-0.348691893764126,-0.000870250907015618,-0.0177868903971845,0.0720900628815446
NC_035786.1_34673730,B11,-0.0584261698108415,-0.336988232110965,-0.0050843453728546,-0.0243793574199136,0.0442346721702402
NC_035786.1_42662557,B11,0.151379170031757,0.910533413913793,-0.065405611268503,0.0113267034684375,-0.0726293854607747
NC_035786.1_42662575,B11,0.0572567111113675,0.337706872772189,-0.00224650746920102,0.122320004447362,-0.0757923236184106
NC_035786.1_42935225,B11,-0.0543788790377274,-0.321327927882541,0.102209613082553,-0.0359293304056378,-0.00366597631608467
NC_035786.1_47615777,B11,0.0434278855413399,0.571260329752959,-0.00887529504511337,0.00812705004573285,0.0184145425153953
NC_035786.1_5273214,B11,-0.0685656524749696,-1.00217837956718,0.126350533247085,-0.029954349170032,-0.00740123635661161
NC_035787.1_19901357,B11,-0.038374269068599,-0.55341116911913,0.0156631564695843,9.14023156599886e-05,-0.016410295658416
NC_035787.1_20481623,B11,0.0996742016931062,0.400994608579283,-0.0122680475699052,-0.138661501896796,-0.0348622782446312
NC_035787.1_22191159,B11,0.0077087449933551,0.159312612505547,-0.00329138178125277,0.0263492328410897,0.0322738339834414
NC_035787.1_22191171,B11,0.00822366527898846,0.406971333556181,0.0109153589588926,0.0276757535559821,0.0278606449114509
NC_035787.1_22191223,B11,0.0104843100935593,0.0424433386415919,0.022416925531765,-0.040418817176915,-0.145642915208347
NC_035787.1_22192058,B11,-0.0409520885088416,-2.02956091428931,0.0264729658038557,0.0269782189137028,-0.0373900293255132
NC_035787.1_32664294,B11,0.0634456486798819,0.271800110657227,0.0332568054550813,-0.0337039058114376,0.0451256753582335
NC_035787.1_34516526,B11,0.124285331806263,0.591673220178437,-0.0989510807667438,-0.142292442005966,0.108410468163798
NC_035787.1_35488282,B11,0.0173280505614097,-0.0238264208332839,-0.0472865949839634,-0.0446628481167955,0.0389941113238327
NC_035787.1_39430869,B11,0.0130515397970247,0.335702842490488,-0.0548788661715176,-0.0194746048149183,0.0512179327171895
NC_035787.1_43893514,B11,0.0583023670833675,1.95586647012822,-0.0465744259068969,-0.0206798180637596,-0.0154329997518445
NC_035787.1_45439801,B11,-0.0222371550108282,-0.0895915062353446,-0.0342020507629864,0.0213785461492015,0.0281466864694428
NC_035787.1_51482234,B11,0.0641031460902671,0.458635841930283,-0.0464901422419021,-0.0402061835140592,0.101316681443441
NC_035787.1_52765537,B11,-0.053669605327339,-0.504564460213163,0.00884593705378437,0.0947164919468661,-0.120770220770221
NC_035787.1_54211729,B11,-0.120247414622415,-0.520674072037467,0.034004329004329,0.0561344814605684,-0.0473472392909733
NC_035787.1_54230605,B11,-0.0676454846977235,-2.54746213396071,0.0066931216931217,0.00564093314093314,-0.00239718614718615
NC_035787.1_55267555,B11,-0.037797501205394,-0.845099366573383,-0.00211255483369427,-0.00697740262957654,0.0166358814057024
NC_035787.1_57636089,B11,0.299355623921587,1.28392491157647,-0.103435490022711,-0.16209189106328,0.111014405762305
NC_035787.1_60213898,B11,-0.0316142820945931,-0.240754682396291,0.0189037948352805,0.0428984592968263,0.000917921746904027
NC_035787.1_62935357,B11,0.0263444314969385,0.172587127847839,-0.013007856893085,-0.0201601259356446,-0.0614247311827957
NC_035787.1_63139123,B11,-0.117061019102969,-0.953974263207663,0.0403886883725593,0.0358490121556679,-0.0148437234440328
NC_035787.1_64195530,B11,0.0990993485636187,0.397897889303149,0.0520192977079597,-0.0981484035055463,-0.00786564625850339
NC_035787.1_64196345,B11,0.0486492760322766,0.20746815994848,-0.0426973222499449,0.0208502554878303,0.0299902642971734
NC_035787.1_64196374,B11,0.0761557446321602,0.319991064676149,-0.0517195582430696,-0.0156807096970565,0.0450705422403536
NC_035787.1_64196407,B11,-0.0250637122079472,-0.267924896982456,0.0307888096222925,-0.00472102773019231,-0.00987252795855184
NC_035787.1_6500110,B11,-0.0495901323684175,-0.742041882806991,0.050119495570628,0.0720578761173833,-0.0281498751445132
NC_035787.1_656764,B11,-0.065929181421178,-0.328306559865989,0.0847523246022577,0.0277248589289903,-0.0309213500081588
NC_035787.1_657217,B11,-0.000172994672366724,0.0157122524897235,0.00103751209316684,-0.0141223810538084,-0.00884336173472011
NC_035787.1_70567754,B11,0.0246819707292106,1.19455940904724,-0.0456301366311478,-0.00146062685569286,0.0439290803796125
NC_035787.1_8817378,B11,-0.110422323933353,-3.1298055819443,0.0327568827568828,0.0684629096393802,-0.032958707958708
NC_035788.1_101622925,B11,-0.00808130879371633,-0.0385214373142085,0.00474019517525459,0.0429207016251964,-0.0640872686874495
NC_035788.1_101622928,B11,0.0400551688026179,0.207967534854039,-0.00104414605327624,-0.0286081430110471,-0.0634565998972779
NC_035788.1_18830593,B11,-0.0454887147750723,-0.60134126513566,0.0229328063831697,0.0219932779571272,-0.037949460638527
NC_035788.1_18830594,B11,0.0115683772142022,0.0634766039950092,-0.0274348324265876,-0.000393233282020289,-0.0026496523289346
NC_035788.1_18925578,B11,-0.0360645091923328,-0.602163270838433,0.0365788904353117,-0.000366732997504476,-0.0639880952380952
NC_035788.1_19041106,B11,0.0305670342275467,0.152101940465321,-0.0394681072932907,0.00603292576670123,0.0605796016138929
NC_035788.1_19041220,B11,-0.137781180728347,-0.563607977677669,0.040038517059639,0.0350624161425678,-0.0252516604397515
NC_035788.1_19041701,B11,0.036474933164929,0.157308699877122,-0.0474190349227099,-0.0194081509034745,0.0604140658480687
NC_035788.1_2002055,B11,-0.20065819843902,-0.814843273024338,0.067822526737968,0.125401912550112,-0.0983149509803922
NC_035788.1_2002059,B11,-0.0914798703638029,-0.376844585255278,0.13883615434573,0.150372775372775,-0.0422246660149885
NC_035788.1_2003144,B11,-0.000612312833706746,-0.0955557268715772,-0.0985960194130644,-0.0784242244472789,0.150298166278264
NC_035788.1_2003150,B11,-0.0274925140022488,-0.199723197952632,-0.0833946078431372,-0.0372756704032964,0.11186974789916
NC_035788.1_28900353,B11,0.219172417155199,0.885769634637357,-0.122544929387109,-0.124292061643817,0.102398553507424
NC_035788.1_31477309,B11,0.00532008441210868,0.0160883908331705,-0.0614342701691141,-0.0233082829526795,0.0581917406461017
NC_035788.1_31477330,B11,0.155894182916517,0.790245282271274,-0.10392665317797,-0.0862083191423799,0.105310953666217
NC_035788.1_36960749,B11,0.0871290113172182,0.554443266319196,-0.0626829947042713,-0.103670157051728,0.0946873139144729
NC_035788.1_3970028,B11,0.069497864644479,0.291967050993075,-0.102872061181153,0.0281216277985962,-0.0400017239340115
NC_035788.1_46325364,B11,-0.0178524057273446,-0.423664542615828,0.0145732478833134,0.0104425161350091,-0.0400762157687088
NC_035788.1_47922343,B11,-0.00947944691856717,-0.507221523321996,0.00327307843043084,-0.0018310473919317,-0.0134617902314812
NC_035788.1_47932213,B11,-0.00553944466686474,-0.275877529786134,0.00325136635739103,0.023692089448392,-0.0200074716618834
NC_035788.1_51978213,B11,-0.0441668964365031,-1.87322460317174,0.030796004842615,0.0380411255411255,-0.0863095238095238
NC_035788.1_53147481,B11,-0.0363196618823177,-0.145300080560862,0.000341325341325305,-0.0189755224245706,0.0372537073910073
NC_035788.1_56545153,B11,-0.0667009041754719,-0.54767001221927,0.0121743086469935,0.0824004228302385,-0.0121602802461709
NC_035788.1_59020877,B11,-0.0923185133367504,-0.862804362599308,0.0545671182639268,-0.0279965482283112,-0.0571976686078918
NC_035788.1_68105839,B11,0.0315156235451375,0.129225469200809,-0.00447194039582421,0.0358234380708806,-0.0271148459383754
NC_035788.1_70924603,B11,-0.0331636039122372,-0.264462573586642,0.0444103154935292,-0.0161035567220236,-0.0449371766444937
NC_035788.1_76680482,B11,0.0225941124447564,-1.08180327642952,0.0276610644257703,0.0371634299652876,-0.0125398996808026
NC_035788.1_79883268,B11,-0.038461632569709,-1.20228021017966,0.0158846533193223,0.00987241422024031,-0.0340086730089733
NC_035788.1_81095716,B11,0.0815453480273333,0.658421133614495,-0.00766769897712172,-0.045494994871717,0.0550408667450263
NC_035788.1_81956690,B11,0.03848968898392,0.253986698318382,-0.00737776928953399,-0.0063443732193732,0.05890625
NC_035788.1_82160876,B11,-0.155865518794101,-0.768124072043758,0.0496525820979236,0.0940754884047694,0.00322283930400608
NC_035788.1_87830169,B11,-0.0534513660979039,-0.597493610330912,0.0639262171956071,0.0281256479073558,-0.042935854900897
NC_035788.1_90548435,B11,-0.00256325304648813,-0.00799473602901235,0.0158655301737831,0.0342092101682648,0.0413536655969237
NC_035788.1_99435188,B11,0.0147753666206284,2.32089678134695,-0.00649502745793627,-0.0370089803509214,0.0199635258054669
NC_035789.1_11335602,B11,-0.087413170605967,-0.612285893649208,0.0166263240321385,0.0589732319212551,0.017720255965225
NC_035789.1_14293734,B11,-0.0375711306760751,-0.486360958723941,0.0369330297419216,0.0515589590434792,-0.0608094426024734
NC_035789.1_1689785,B11,-0.0607213704027194,-1.02906130698861,0.0696266940623842,0.0467230357922241,-0.0423367241633495
NC_035789.1_31017699,B11,-0.0156049218209368,-0.960318382240159,0.015049439683586,0.0115078630897317,0.00324324324324324
NC_035789.1_32641557,B11,0.0835632246140897,0.371578538553933,-0.0430893746454454,-0.00715229312683219,0.0449686191754929
NC_035789.1_3491718,B11,-0.000312070331789802,0.010616507155059,-0.00425128631808239,-0.00942937205403162,0.00476381137284666
NC_035789.1_3612147,B11,0.00359613501545095,0.175408635679042,-0.000626939858755792,0.0124461670973299,-0.0232558139534884
NC_035789.1_377648,B11,0.0191743699775908,0.0842100147085921,0.0778613523573201,-0.0226484519537258,0.106763263618102
NC_035789.1_4362657,B11,-0.0340473963353316,-0.175872117292407,-0.0293464344769724,0.0455512026081646,-0.0331955027524648
NC_035789.1_4362705,B11,0.0370801136150023,0.189845363630029,-0.052652269732322,-0.0654320625476458,0.0138561523722924
NC_035789.1_630251,B11,-0.0659539473684211,-6.57006256600384,0.0534539473684211,0.0534539473684211,-0.00506685059422751
NC_035789.1_630374,B11,-0.0129930376965344,-0.310345344195059,0.00117207672508111,0.0163793404958883,-0.0129868305881139
NC_035789.1_6800575,B11,-0.0270252546870348,-0.172230577361514,0.00392270107343634,0.0622148914391716,-0.0972434428316781
NC_035789.1_8466020,B11,-0.10381067296201,-0.45518592211641,0.0563300286063653,0.0344422395015951,-0.004835272394628
NC_035789.1_9441238,B11,-0.00629896511132294,-0.0250681224028346,-0.0568952291072996,-0.00221762638455592,0.0370604424565525
NC_035789.1_9441876,B11,-0.0226892073013436,-0.0994936056159443,0.0399702673151747,0.00413871367649637,0.00729599335906311
NC_035780.1_11456907,B12,-0.0118772667917535,-0.585998639953086,0.00903093828781681,0.010079763986014,0.00599677995197574
NC_035780.1_14698791,B12,-0.0389809433051264,-0.406045170146532,0.0157193711801463,0.0227446092929546,0.00580188472739832
NC_035780.1_16187099,B12,-0.0217881963177559,-0.375980297817199,0.0206583718017013,-0.0192978400460958,0.0159592552544798
NC_035780.1_17667463,B12,0.0353156870676647,0.735084723921831,-0.0234448823059653,0.0132212248126736,-0.0344247303911792
NC_035780.1_19976031,B12,-0.0130150217364698,-0.387526013516935,0.00972054194729498,0.000403016561454188,0.00674152624335227
NC_035780.1_20748489,B12,0.00879908279118452,0.0434480453886155,-0.00216891773844707,-0.00534482930999136,-0.122463545956326
NC_035780.1_21952643,B12,-0.0150373069085611,-0.846137996672269,0.0131011506078156,0.00683635679749861,-0.00137660841151723
NC_035780.1_22276346,B12,-0.0370367935009814,-0.148873499584688,0.0537485241133652,0.0599582619934797,-0.0668542554098592
NC_035780.1_22398500,B12,0.0803701459216175,1.2668576721661,-0.0322610107892366,-0.0633170746401266,0.00422089484589484
NC_035780.1_24826351,B12,0.0580447921307947,0.632853916655748,0.0132377598762683,-0.0302488768612378,0.0611920541014674
NC_035780.1_27798656,B12,0.0550358120974387,0.351750805473642,-0.0321575358173917,-0.00787644634730744,0.0395286629171922
NC_035780.1_2919366,B12,0.0581869261441556,0.435058617368131,-0.0123814648916288,-0.010711352515421,-0.0638967958198441
NC_035780.1_31246565,B12,0.0270955270555046,0.10534217751795,0.0458003254087384,-0.0567467873529664,0.00684846723499527
NC_035780.1_31672604,B12,0.0324600982737593,5.33017241936023,-0.0236881684491979,-0.0464154411764706,0.0276654411764706
NC_035780.1_32363950,B12,0.0398397875078931,0.949114332147139,-0.0213200313571156,-0.00482243903715483,0.0156692509780743
NC_035780.1_33460432,B12,-0.03681262539334,-0.147344950720349,0.0130662819771196,0.0390108202903725,0.0374452992050619
NC_035780.1_47055026,B12,0.14455746215041,0.596486468448921,-0.0133036472720824,-0.0590579384697207,-0.0295134419660036
NC_035780.1_47304766,B12,-0.03630987978368,-0.142688949201869,-0.0579755710042851,0.0550646645564136,-0.0996211734964841
NC_035780.1_47304864,B12,0.0114834315364626,0.0469853039306114,-0.0126262543772763,-0.012536541458616,-0.016769339393672
NC_035780.1_60854878,B12,-0.0241607016687244,-0.724095737330288,0.016310015534344,0.0145479881681123,0.0216387496107127
NC_035780.1_6169102,B12,-0.0547519460721612,-0.329242660837639,-0.00483749596973365,0.0342920894998547,-0.00397828261514202
NC_035780.1_6169608,B12,-0.0131458816555145,-0.12339650516132,0.0245290325049777,-0.00962712714441986,-0.00980239771973204
NC_035780.1_8219007,B12,-0.0123140127657638,-0.747841485368543,0.00938430603100387,0.00920077232978196,-0.0381978653530378
NC_035781.1_10989009,B12,0.0353326812045477,0.603596111549487,-0.0124993087278326,-0.031499273746865,0.0115668645553292
NC_035781.1_1101269,B12,-0.0921020526820294,-0.413328346825592,0.0242464195717823,0.0289883637144506,0.0135195778716345
NC_035781.1_1163009,B12,-0.0031664990057442,-0.019600233835116,0.0267382991540127,0.00828790661951292,0.020073858094761
NC_035781.1_11961921,B12,0.0687268027797959,0.62811122618004,0.0379412468947353,-0.036535679287545,0.000467563837129065
NC_035781.1_14795654,B12,-0.0456906624826076,-1.40888144219351,0.047851398248644,0.0264636208943721,-0.00969040194158029
NC_035781.1_25128626,B12,-0.00778981119800931,-0.0596256446944554,0.0122129721880597,-0.0260495823455315,0.0463379705400982
NC_035781.1_25352908,B12,0.0203864198445695,0.137652223715711,-0.0162988990844028,0.0102206050181995,-0.0533171787409076
NC_035781.1_2543661,B12,-0.0107126444705485,-0.0443927325572982,0.0151201785265498,0.0438156409577716,-0.00149757712328302
NC_035781.1_31008139,B12,-0.0117010343826982,-0.0664932065698256,-0.00376137592925391,0.00463271563635617,0.00877625193927809
NC_035781.1_33629056,B12,-0.0322233559329077,-0.798911934564594,0.0240591334016323,0.00661594786652144,-0.0196795183795649
NC_035781.1_33681601,B12,0.0454215136950127,0.449388547163092,0.0010178410323855,-0.0513466161349457,-0.00809723917317265
NC_035781.1_36943156,B12,-0.0241421657810619,-0.184524266062675,-0.00453519800636854,0.0464309104765203,-0.00379325079831364
NC_035781.1_40474678,B12,-0.0737835907269965,-0.499067422807232,0.0714847364027953,0.0592148215516479,-0.0433558783133553
NC_035781.1_42547252,B12,-0.012518104840718,-0.061070599401866,0.0223123450216828,0.0072637112973214,-0.0304532565492623
NC_035781.1_4872678,B12,-0.169830942554655,-0.770402466895307,0.122643586719325,0.0841405258411003,-0.0281504781037904
NC_035781.1_50346013,B12,0.100995326018503,0.427513552714888,-0.0622088848096175,-0.0710291090666572,0.0843522345393154
NC_035781.1_52643419,B12,-0.0318002921856977,-0.158943454041272,-0.0158991162718315,0.0486206652993839,0.0747373678131199
NC_035781.1_52644072,B12,0.00451980225201894,0.039822863810602,-0.0212463059097947,0.00235740343202681,0.0318551994543365
NC_035781.1_53497708,B12,0.00124634858488962,-0.00743980577300651,0.0547699976508068,0.0176771036479894,0.0141869806366425
NC_035781.1_54069592,B12,-0.0142164519642962,-0.0665893950506337,-0.00289698160348095,-0.0125655638872158,-0.0191381439116932
NC_035781.1_54147603,B12,-0.00742233795699443,-0.0272382441721968,-0.013587163623544,-0.0370387926175153,0.00140932096577259
NC_035781.1_54160677,B12,-0.020066206106667,-0.180963289040384,0.0314333855353905,0.0191587180313238,-0.0614440037941264
NC_035781.1_56851185,B12,0.0198478840842489,0.563813761576892,-0.0197214095939495,0.00701162311443999,-0.0105969869065443
NC_035781.1_56851200,B12,0.0119310103641732,0.131508280529006,0.00435833306770062,0.00662796398709403,-0.0237913206351022
NC_035781.1_57981416,B12,0.00425461590644723,0.0759113955059838,0.0172352675734336,-0.0193754237499253,-0.0212319524751683
NC_035781.1_60097098,B12,0.0369348275362895,0.276190688301568,0.00859995363818705,-0.0166496067020434,-0.0668454699839514
NC_035781.1_9819932,B12,-0.256750205038692,-1.03232791178136,0.158323946568152,0.146446795380384,-0.117047281043105
NC_035782.1_18388300,B12,0.0537962154032552,0.320901475469926,-0.0827327112168326,-0.00563412739676111,-0.0324563886049934
NC_035782.1_20520642,B12,-0.0474110487173463,-0.471942323693304,0.0674115231233289,0.0358790954182014,-0.135183749732474
NC_035782.1_26506049,B12,0.0386242781761422,0.189778952171994,-0.0303693981309527,-0.00649141105267709,0.00801258049376125
NC_035782.1_29101744,B12,0.0378807363471614,0.163339077625793,-0.028793865949181,-0.0050814752500154,0.065433387457156
NC_035782.1_30247756,B12,-0.034210981992069,-0.137606292499892,0.0198868057119068,-0.00571506100252539,-0.033169570163736
NC_035782.1_30316305,B12,0.108454637297341,0.605066728645964,-0.147092454680666,0.060564516094037,-0.0380222605554579
NC_035782.1_31313619,B12,0.0184526737274736,0.0949549367682302,0.0120893755063318,-0.0731058614144438,-0.00911572131866456
NC_035782.1_31789635,B12,0.0632055215813597,0.565077527291144,0.0165594832660076,-0.00872888316901642,0.0226832929018586
NC_035782.1_31919328,B12,-0.0138337211380863,-0.551741630553359,0.0182940972555417,0.0032477907105371,-0.0126914942964366
NC_035782.1_32025520,B12,-0.000881418954120389,-0.0994418023045291,0.0088222656618883,0.0195657749519092,-0.0572412034676186
NC_035782.1_38378547,B12,0.00627436807804482,0.0295966518916535,-0.043250289965069,0.0025291939399435,-0.0641409345397713
NC_035782.1_47531124,B12,0.00775911402207888,0.0677906522069165,0.00352122013942786,0.02471904994688,0.0167040090170605
NC_035782.1_50474309,B12,0.0560231527316267,1.34343508217511,-0.0493667813336542,-0.0104267853764836,0.0375054069163642
NC_035782.1_51930663,B12,-0.0162211648381783,-0.0670723418055514,-4.41310556797969e-06,0.0296796915831322,-0.0652122239397463
NC_035782.1_51930668,B12,-0.000907542461525579,-0.00397010371271568,-0.01588010084061,0.0156399431814416,-0.00390214119635812
NC_035782.1_53404865,B12,0.0146157267621598,0.515506402764853,-0.0094885222361391,-0.0139087506299254,0.0145695718789819
NC_035782.1_53814996,B12,-0.0220172485796996,-0.100004895277688,-0.0112162298561172,-0.0173022015523389,-0.0205117287034518
NC_035782.1_53917287,B12,0.0476575169013257,0.309836092581821,-0.0672634990379126,-0.0564420956508912,0.0377147067569222
NC_035782.1_54305299,B12,0.106412265505868,1.15528117016001,-0.0371026018555088,-0.0570610254083485,0.0257354126370084
NC_035782.1_54788505,B12,0.105958977053284,0.465387085019516,-0.0384649283426966,-0.0888399757453692,0.125329843916553
NC_035782.1_56718227,B12,-0.0157734871659803,-0.0766097705263108,0.0287139008050715,-0.0127574724850782,0.0409988107714049
NC_035782.1_61292824,B12,0.0766241439660879,0.317918828978364,-0.0677650520189385,-0.00994892081525733,-0.00880351690108994
NC_035782.1_61294148,B12,-0.0839997488169764,-0.337832761947169,0.0679242390189679,0.0233909118677037,-0.00125887646138612
NC_035782.1_64885926,B12,-0.11643708785733,-0.49280243171085,0.108819352745734,0.00694044520668746,-0.0801338783895609
NC_035782.1_65428478,B12,-0.092346680442495,-0.479011891709301,0.100303168122313,0.0294944041116088,-0.0612100903861187
NC_035782.1_67287407,B12,0.00771539521570225,0.0322540691974962,-0.0567204566437955,0.00724791411501086,-0.000783716870951079
NC_035782.1_67504195,B12,-0.0927460372355062,-0.406506583297925,0.0387471770827356,0.0472465275474444,-0.0340206468450747
NC_035782.1_6860288,B12,-0.0157578807741995,-0.758368983240058,-0.00398434508504766,0.00355619357251227,0.00315184425254682
NC_035782.1_68702210,B12,0.00195836912149501,0.0222584535388815,0.000471421674848566,0.00455915661161181,-0.0438988275567769
NC_035783.1_1732663,B12,0.0151096253571051,0.0515626050060991,-0.0614299616650001,0.0384040854698303,0.0542259211376858
NC_035783.1_18835662,B12,-0.0664046418365766,-0.321839687520158,0.0544642486463395,0.0356863867073202,0.020722187477116
NC_035783.1_20482835,B12,-0.000901350738045273,0.006366106997024,-0.0343408803867088,-0.00170374758534862,0.0116131951479296
NC_035783.1_30269978,B12,0.0342137051016194,0.195701798641565,-0.0126102149529621,-0.0738203960497738,0.0317796060735727
NC_035783.1_34267856,B12,-0.00894890178573331,0.104239217192852,0.0416436492083922,-0.0228610607877168,-0.0113714808272095
NC_035783.1_42345489,B12,0.00397797371092146,0.0183244244305364,-0.00854014735413328,-0.0121798049986674,0.048870631533244
NC_035783.1_44995919,B12,-0.00104779277250096,0.0762133157733758,0.05387197319246,0.0258466861897121,-0.0249232385261797
NC_035783.1_46373158,B12,-0.0124956832538368,-0.312759529065308,0.0163784356521021,0.0654916260809978,-0.0583718364968365
NC_035783.1_8785734,B12,0.0170910566223975,0.426114365496186,-0.000689668214308284,-0.0028971801275597,-0.00474329039591471
NC_035783.1_8800083,B12,0.0400013568694644,0.17678179220629,0.0103468762769915,-0.0165980812418871,0.0842952366305131
NC_035784.1_12080107,B12,-0.00658086139520495,-0.0369331780799467,-0.00241801057615837,-0.0154935513012724,0.0159876326188226
NC_035784.1_13206981,B12,-0.0275243191122055,-0.111665819461408,0.0441762757704536,0.0596156640673904,0.075599528348889
NC_035784.1_13968828,B12,0.0310611758757473,0.12474637902248,-0.0161932812849075,0.0171029268412412,-0.0763396225297394
NC_035784.1_14813825,B12,-0.0044215496736722,-0.0210719346705746,-0.0239404040020492,0.00931685314299541,0.0938848233987647
NC_035784.1_16308085,B12,-0.0582415757900885,-0.307834884082922,0.0234442096373063,0.0874786851046092,-0.0151535111115192
NC_035784.1_21091299,B12,-0.0809010800789329,-0.331883171282042,0.0962415686625784,-0.0185230902214421,-0.126736820122846
NC_035784.1_21690473,B12,-0.120203000994075,-0.484775204634459,-0.121202363065875,-0.029978411668664,0.121240790222899
NC_035784.1_27818098,B12,-0.0075244140828109,-0.0314679668132462,0.014593031645345,-0.0359059024490186,0.021713663142996
NC_035784.1_37718554,B12,-0.00519999849414446,-0.0486525687063943,0.0508438921516763,0.00145512470097248,0.0284806760491774
NC_035784.1_3893666,B12,0.045175629444778,0.398512231967939,-0.0135645505693616,-0.0210995373964455,-0.0542715472225354
NC_035784.1_3893677,B12,0.02012258720029,0.183056905828451,-0.00143907719785738,-0.0120089526203178,-0.0431184606619235
NC_035784.1_39838056,B12,-0.0134946751304835,-0.0625130702782547,-0.0375052814412082,-0.0219445466813887,0.00960925039872407
NC_035784.1_41169645,B12,0.0052006417495548,-0.318438996085318,-0.0265515734265734,-0.0205586080586081,0.0215924426450742
NC_035784.1_41459425,B12,0.0353018617811019,0.446039368474217,-0.0289752803690958,0.00159859816364159,-0.0111832462440472
NC_035784.1_42706092,B12,0.000301570991506989,-0.00317426369986329,-0.0111268326951532,-0.00556907921549391,-0.0801725203615446
NC_035784.1_48115301,B12,-0.0197825341164048,-0.633667127118496,0.00379341708875999,0.0201535247557516,-0.0254936421008194
NC_035784.1_50794530,B12,-0.0213994103099191,-0.0855877909085405,0.0482779055157939,-0.00109181495516553,-0.0816454994952817
NC_035784.1_52838237,B12,-0.0411227334492133,-1.20935302779776,0.0317338518905204,-0.00303642280671719,-0.0170585951696567
NC_035784.1_53424297,B12,0.0239996198438656,0.830622037318967,0.00553354065760472,-0.0035391755094499,0.00713349785377224
NC_035784.1_54988175,B12,0.092151014862289,0.432331139241955,-0.00650504112998529,-0.041873572803154,-0.0178359452645725
NC_035784.1_57362946,B12,0.0245709805237291,0.098099724622004,0.00455054047761794,0.0444047248501434,0.159254694029864
NC_035784.1_58067141,B12,0.112478619885891,0.619119642180978,-0.0865796029824902,-0.0572502614566509,0.0298103729138212
NC_035784.1_59849167,B12,-0.457935621426179,-1.8524366109619,0.366294455791432,0.375068515762475,-0.199404280223265
NC_035784.1_62988426,B12,-0.0474339746483329,-0.191776526226155,0.0329939388013025,0.0413384236740864,0.0332831731725365
NC_035784.1_64768732,B12,0.0214329584313896,0.178453696373638,-0.0313812532304575,-0.0270291798652263,0.0456938322414729
NC_035784.1_66326187,B12,-0.01128493131104,-0.304500553700894,-0.013660446354034,-0.0317835595931065,-0.0389847329017571
NC_035784.1_67509348,B12,0.0098372585343611,0.0616814485524481,-0.0331368516495459,0.0312508131728403,-0.0504024196970703
NC_035784.1_68037535,B12,-0.0209203873449375,-0.0880376792763288,-0.0132803832383167,0.0474722848672926,-0.0740232665653331
NC_035784.1_7344693,B12,0.0593725384972195,0.542356585656966,-0.0820122902643694,-0.000764102779569287,0.000588015855888108
NC_035784.1_75925966,B12,-0.067449479778444,-0.388069446311163,0.0293963450938116,0.0433249812629949,-0.0716241224053724
NC_035784.1_7863388,B12,-0.0255487105740156,-0.125305055158809,0.00954942137158787,0.0123669735786779,-0.020332797221928
NC_035784.1_78636151,B12,0.0825893343089899,0.954985660680172,-0.0277218227882526,-0.0288056490887376,-0.125320980973033
NC_035784.1_79527094,B12,-0.028446649682594,-0.576769473719593,0.0297496813758565,0.0067189180875368,-0.00340909090909091
NC_035784.1_79544008,B12,-0.00842068637702284,-0.0480669457374898,0.00207290019110809,-0.0114732020769922,0.0118880981270416
NC_035784.1_79544022,B12,-0.0619564893953014,-0.797964035107992,0.0568087851081654,0.0566927102643865,-0.0827622098753015
NC_035784.1_79826179,B12,0.0225322014679695,0.0922318966171165,-0.0166821570955866,-0.0303332301957379,0.0946807516382988
NC_035784.1_80973209,B12,0.00975445555036869,0.178477366841553,-0.0137443091435521,-0.0121789743559359,0.0246720388212818
NC_035784.1_8483835,B12,0.0383335452120169,0.162365677920911,0.00274008807559945,-0.011690693908374,-0.0511005646772771
NC_035784.1_87006779,B12,0.0215981790170042,0.0862946607666962,0.0175778639295461,-0.0424542747657525,-0.135957207432259
NC_035784.1_89036640,B12,0.0481191912951757,0.193134683948702,-0.0281884503616427,-0.0229798712480148,0.139121182016519
NC_035784.1_97478301,B12,-0.00628965252897515,-0.269672512191633,-0.00179879305408064,0.00472037043389075,0.0103717448629929
NC_035784.1_98298723,B12,0.00541396048109768,0.157286372602846,-0.00152062590570835,-0.00600890363648798,0.00429844381851853
NC_035785.1_10010397,B12,-0.0193114827818144,-0.353760009478167,0.0103437336649114,0.0132851962886357,0.010003582105685
NC_035785.1_10010788,B12,-0.0116145605754637,-0.0714909339045122,-0.00759701055794779,0.00829717985935224,0.0445961209573673
NC_035785.1_17357747,B12,0.0767312428349211,1.55570331209728,-0.0581556971243464,-0.0366504057688516,0.0136790633857446
NC_035785.1_18057751,B12,0.0238559377781061,0.936584803287805,-0.014147598931128,-0.0130731334785416,0.0263152258247823
NC_035785.1_18151629,B12,0.0264818442894167,0.173512939700623,-0.0120254585026744,-0.0276468333509035,-0.0256180383589878
NC_035785.1_18177113,B12,-0.116585471046482,-0.605840757592247,0.0817138828312883,0.111855851466338,-0.103896840153289
NC_035785.1_19418239,B12,0.00223171073830661,0.0381565239087058,-0.0157982493314334,0.0334870388445094,-0.0704547430553623
NC_035785.1_23438599,B12,0.0557301756172257,0.637107307331045,-0.0468251064266977,-0.00819862884896376,0.00337487712643911
NC_035785.1_31898327,B12,-0.0308384254845942,-0.158672347252556,-0.0102937381856826,-0.00629084429711463,-0.00561546341785418
NC_035785.1_31900186,B12,-0.0602721759354483,-0.589128732189144,0.0264247467823106,0.0699683598972302,-0.0427951388888889
NC_035785.1_3954027,B12,-0.00965570368390485,-0.267653625875715,0.0282116158568383,0.0163487611973735,-0.0685465633951757
NC_035785.1_3955693,B12,-0.0635860165332341,-0.640390767661814,0.0327295295289545,0.0364004239914156,-0.0519359489118822
NC_035785.1_3955695,B12,0.0438920399459791,0.300314542956653,-0.0582029559947,0.0331530148891852,-0.0544049506228283
NC_035785.1_897188,B12,-0.0230170510256996,-0.122735736691182,-0.0392688407541146,0.016646100212192,-0.0664606588349306
NC_035786.1_13814910,B12,0.0205758562594494,0.108209813237561,0.0215685053176375,0.0462709886631753,-0.0967612319939759
NC_035786.1_28308817,B12,-0.0253276401577527,-0.395624764063892,0.0208279810941597,0.0280642585553977,-0.0231629106525663
NC_035786.1_51598120,B12,0.00674971590517331,0.514679653735511,-0.00330239102927701,-0.0294872297141157,0.0243392245661106
NC_035786.1_5935569,B12,-0.0537479054367283,-2.16970225639947,0.00519165603087127,0.0512586413075246,-0.0199581162046596
NC_035787.1_10029399,B12,-0.000420690563612519,0.0106228435057334,-0.00122991044043676,0.0269220104859851,-0.0264855687606112
NC_035787.1_22191223,B12,-0.0678841086815623,-0.292785591297419,-0.000279854571285376,0.038968803779372,-0.105962003624864
NC_035787.1_22191623,B12,0.0948006244993342,0.638268784148126,-0.00710169647796423,0.0255296783597932,-0.0429457903718312
NC_035787.1_24922158,B12,-0.0799802096731987,-1.3691982108088,0.0402733535109254,0.0083452195952196,-0.0252830502830503
NC_035787.1_25026187,B12,-0.0347643301331983,-2.57868838339799,0.023221135500116,0.00982381255108528,-0.0235615167944075
NC_035787.1_40967775,B12,-0.0933876744079319,-0.933000916735647,0.071054801180724,0.0055572426717342,-0.00375595655356398
NC_035787.1_48307626,B12,0.0921396478649912,0.382933169774637,-0.0341534311831224,-0.063477466942736,-0.0594683372530682
NC_035787.1_54230605,B12,-0.0568991007669573,-0.692761345851622,0.0129441308632218,0.0345974292961949,-0.0576584614597674
NC_035787.1_59150603,B12,-0.0467232834965695,-0.312666723970853,0.0505009895658815,0.0511948465439407,-0.0679083461341526
NC_035787.1_61830084,B12,0.103805583951065,0.621105382955018,-0.0613471430228378,-0.0642707740504608,0.0548552030406869
NC_035787.1_8839718,B12,0.0188520478894425,0.385794468382459,-0.00329862200598885,0.0146183791410167,-0.0164414535968449
NC_035787.1_9944691,B12,0.00972334398647326,0.0473598868620424,0.00964032168612916,-0.044989240677394,0.0606184999042142
NC_035788.1_12087462,B12,-0.00501032854181938,-0.120279547373579,-0.00785597250855546,-0.00674693754186436,0.0228995121375333
NC_035788.1_12147830,B12,0.0298513868144379,0.119847823938763,-0.00183776682553233,-0.0608631427997731,-0.0217295006307785
NC_035788.1_18784479,B12,-0.0554146747054939,-0.26426243315064,0.086846008297001,0.0318830495544331,-0.0472226949407182
NC_035788.1_26615364,B12,-0.0903970993861484,-0.372290252665633,0.053094358604145,0.0476607091964476,0.0159699688812351
NC_035788.1_30305590,B12,-0.0691853629711794,-0.279465172584772,0.0722442435943591,0.00539536204989527,-0.0164262482761516
NC_035788.1_40497598,B12,-0.0320668563609536,-0.879861658697235,0.0145252372304792,0.0179559998588199,0.00803911145827111
NC_035788.1_40539104,B12,0.00972342604922675,0.885628966876218,-0.0212664640324215,0.0260252406973718,-0.00786796536796536
NC_035788.1_56585377,B12,0.0331560883850016,0.354850201615897,0.0498880473692302,-0.0216065674985985,-0.0749334176180888
NC_035788.1_59020877,B12,-0.0400890175395699,-1.06482449209027,0.0143438418355362,0.00984211866564807,-0.100257034632035
NC_035788.1_60476810,B12,-0.0940138935208166,-0.417031454876347,0.0397760255167794,-0.00810118453146191,-0.0472534878201807
NC_035788.1_68131632,B12,0.0336078278087629,1.09121313309097,-0.0120164482074288,-0.00834298121395707,-0.0371814685847202
NC_035788.1_76680482,B12,-0.0278424512543481,-0.338112605708673,0.0262804715673685,-0.0197353102757471,0.0644276568635854
NC_035788.1_79256133,B12,0.0124744296512031,-0.185154746689558,0.0125,0.0137104743083004,-0.0405011655011655
NC_035788.1_79884902,B12,0.0747814399708232,3.39105411333045,-0.0601309726309726,-0.0551434287283344,0.0364010261069085
NC_035788.1_81095602,B12,0.0788571096174364,0.329646240535229,-0.0205857299661924,-0.00561558532434692,-0.0210152878355643
NC_035788.1_81799739,B12,-0.0558598223069081,-0.428297619485751,0.0336175547813131,0.0084077106979058,0.0077043893419291
NC_035789.1_23107929,B12,-0.0411829026465582,-0.165077210225603,0.0434036338898595,0.0539806187177318,0.00444544291289528
NC_035789.1_3447110,B12,-0.0267616446983992,-1.33919820094217,0.0179948695803666,0.0268803116652271,-0.0119096588661452
NC_035789.1_3579039,B12,-0.0130841558658782,-0.503561577697886,0.00594739331704932,0.0116273934472921,0.00990382773568614
NC_035789.1_3579045,B12,-0.0251762730807161,-0.852213442748714,0.0138753417475288,0.0199555239176107,-0.0205350978524478
NC_035789.1_4360473,B12,-0.0280609102037025,-0.641575387342642,0.0248323984489631,0.0207757688744435,-0.0423106842296786
NC_035789.1_4362852,B12,-0.0327774956534963,-0.132057309308229,0.0221531565594449,0.052621377474494,-0.0312382489154418
NC_035789.1_8880749,B12,-0.0113205992040212,-0.126114222514807,-0.0215101771529185,-0.0291113397453416,0.0342106055588932
NC_035789.1_8880775,B12,0.0634970719518706,0.361224405032786,-0.0122221759683994,-0.0356642984445892,0.00957958844977153
