snp,dCA,dSE,dCASE,block,dCASE_o,dCA_o,dSE_o,add,syn
NC_035780.1_15610936,0.0126262626262626,0.0689423869955038,0.127607404990772,B10,0.127607404990772,0.0126262626262626,0.0689423869955038,0.0815686496217664,0.0460387553690058
NC_035780.1_17015396,0.035973285973286,0.0305259777130317,0.110373463594313,B10,0.110373463594313,0.035973285973286,0.0305259777130317,0.0664992636863177,0.043874199907995
NC_035780.1_17684430,0.0191919191919192,0.0823078730055474,0.108496732026144,B10,0.108496732026144,0.0191919191919192,0.0823078730055474,0.101499792197467,0.00699693982867718
NC_035780.1_1882217,0.0492002347934551,0.0792034819643958,0.1102585961921,B10,0.1102585961921,0.0492002347934551,0.0792034819643958,0.128403716757851,-0.0181451205657509
NC_035780.1_19793486,0.00100027271310581,0.0631023411080592,0.108161672908864,B10,0.108161672908864,0.00100027271310581,0.0631023411080592,0.064102613821165,0.0440590590876989
NC_035780.1_20467136,0.000828345016288,0.0244407152132654,0.079787313108737,B10,0.079787313108737,0.000828345016288,0.0244407152132654,0.0252690602295534,0.0545182528791836
NC_035780.1_24474445,0.0174611731288294,0.0311081166908414,0.0710107234627491,B10,0.0710107234627491,0.0174611731288294,0.0311081166908414,0.0485692898196707,0.0224414336430783
NC_035780.1_24474469,0.0171455938697318,0.0297380129054498,0.0825720768294872,B10,0.0825720768294872,0.0171455938697318,0.0297380129054498,0.0468836067751816,0.0356884700543056
NC_035780.1_24474513,0.0189237098662079,0.0419925851709278,0.0820740119724883,B10,0.0820740119724883,0.0189237098662079,0.0419925851709278,0.0609162950371356,0.0211577169353527
NC_035780.1_25165809,0.0169191919191919,0.116919191919192,0.113995020774682,B10,0.113995020774682,0.0169191919191919,0.116919191919192,0.133838383838384,-0.019843363063702
NC_035780.1_26242761,0.0105854272158398,0.0264170848739065,0.0665477329276852,B10,0.0665477329276852,0.0105854272158398,0.0264170848739065,0.0370025120897463,0.0295452208379388
NC_035780.1_26642058,0.0233723660742294,0.0344650982200624,0.0874063501650167,B10,0.0874063501650167,0.0233723660742294,0.0344650982200624,0.0578374642942918,0.0295688858707249
NC_035780.1_26886554,0.0353673948745771,0.0474423612473885,0.0890658730773006,B10,0.0890658730773006,0.0353673948745771,0.0474423612473885,0.0828097561219656,0.00625611695533503
NC_035780.1_29900955,0.0315182551636749,0.0500731565985803,0.0876984126984127,B10,0.0876984126984127,0.0315182551636749,0.0500731565985803,0.0815914117622552,0.0061070009361575
NC_035780.1_33923386,0.022109468554978,0.0360520813151503,0.0953603794729319,B10,0.0953603794729319,0.022109468554978,0.0360520813151503,0.0581615498701283,0.0371988296028036
NC_035780.1_47301854,0.000245587745587743,0.0590966957246027,0.0857906615155994,B10,0.0857906615155994,0.000245587745587743,0.0590966957246027,0.0593422834701905,0.0264483780454089
NC_035780.1_54733757,0.023979564542877,0.0235365307282105,0.109651553496903,B10,0.109651553496903,0.023979564542877,0.0235365307282105,0.0475160952710875,0.0621354582258156
NC_035780.1_54733802,-0.00678781485743511,0.01711833732115,0.112121494303955,B10,0.112121494303955,-0.00678781485743511,0.01711833732115,0.0103305224637149,0.101790971840241
NC_035780.1_55857829,-0.0447960172305661,0.00965483499977685,0.126175939602005,B10,0.126175939602005,-0.0447960172305661,0.00965483499977685,-0.0351411822307892,0.161317121832794
NC_035780.1_5750545,0.0175925925925926,0.0106413315494796,0.0346694371067781,B10,0.0346694371067781,0.0175925925925926,0.0106413315494796,0.0282339241420722,0.00643551296470596
NC_035780.1_60346285,0.0504912923333976,0.0593654943223027,0.202889129649693,B10,0.202889129649693,0.0504912923333976,0.0593654943223027,0.1098567866557,0.0930323429939927
NC_035780.1_60806617,0.0378672821123685,0.0541171850926373,0.0770058708414873,B10,0.0770058708414873,0.0378672821123685,0.0541171850926373,0.0919844672050058,-0.0149785963635185
NC_035780.1_623970,-0.019592459409393,0.0232921318447634,0.109113497601576,B10,0.109113497601576,-0.019592459409393,0.0232921318447634,0.00369967243537038,0.105413825166206
NC_035780.1_62659390,-0.00405798297313225,0.0482368616546375,0.069473069508184,B10,0.069473069508184,-0.00405798297313225,0.0482368616546375,0.0441788786815053,0.0252941908266787
NC_035780.1_62659542,0.019333458905852,0.027843000163526,0.0653775637470544,B10,0.0653775637470544,0.019333458905852,0.027843000163526,0.047176459069378,0.0182011046776764
NC_035780.1_626842,0.0167612205655684,0.0476108776597617,0.098640526378799,B10,0.098640526378799,0.0167612205655684,0.0476108776597617,0.0643720982253301,0.0342684281534689
NC_035780.1_6409702,-0.0173765537983162,0.0291857412000493,0.105754459040555,B10,0.105754459040555,-0.0173765537983162,0.0291857412000493,0.0118091874017331,0.0939452716388217
NC_035780.1_64533774,0.0263287213022927,0.0414221712620614,0.0660818973850666,B10,0.0660818973850666,0.0263287213022927,0.0414221712620614,0.0677508925643541,-0.00166899517928754
NC_035781.1_13219981,0.0273847845659829,0.0757411733709527,0.105405529003062,B10,0.105405529003062,0.0273847845659829,0.0757411733709527,0.103125957936936,0.00227957106612689
NC_035781.1_14932245,0.00932677448643259,0.058141807236135,0.0801239248289453,B10,0.0801239248289453,0.00932677448643259,0.058141807236135,0.0674685817225676,0.0126553431063777
NC_035781.1_16061320,0.0122157611761186,0.0370334287014143,0.0601068633512043,B10,0.0601068633512043,0.0122157611761186,0.0370334287014143,0.0492491898775329,0.0108576734736714
NC_035781.1_16395764,0.0543247519852575,0.0999519609704459,0.158510550511221,B10,0.158510550511221,0.0543247519852575,0.0999519609704459,0.154276712955703,0.0042338375555179
NC_035781.1_16411970,-0.0079189460528203,0.0725725624726735,0.136605983879381,B10,0.136605983879381,-0.0079189460528203,0.0725725624726735,0.0646536164198532,0.0719523674595279
NC_035781.1_16757531,-0.0113271916346283,0.0233314027291306,0.103557293033337,B10,0.103557293033337,-0.0113271916346283,0.0233314027291306,0.0120042110945024,0.0915530819388344
NC_035781.1_17519685,0.00454868514570007,0.0839901459405443,0.112574754894988,B10,0.112574754894988,0.00454868514570007,0.0839901459405443,0.0885388310862444,0.0240359238087431
NC_035781.1_17850618,0.0197841301366624,0.0763505686963902,0.0893078106884199,B10,0.0893078106884199,0.0197841301366624,0.0763505686963902,0.0961346988330526,-0.00682688814463267
NC_035781.1_22827885,0.0177537959152805,0.0649526114135915,0.100902009330204,B10,0.100902009330204,0.0177537959152805,0.0649526114135915,0.082706407328872,0.0181956020013317
NC_035781.1_2700273,-0.00656441041154597,0.0533440938711197,0.0960668064112709,B10,0.0960668064112709,-0.00656441041154597,0.0533440938711197,0.0467796834595737,0.0492871229516972
NC_035781.1_2700286,0.0115685758475132,0.0779705445604063,0.10652168918298,B10,0.10652168918298,0.0115685758475132,0.0779705445604063,0.0895391204079195,0.01698256877506
NC_035781.1_29743007,-0.000618053492671826,0.0366419975793458,0.0896662058029769,B10,0.0896662058029769,-0.000618053492671826,0.0366419975793458,0.036023944086674,0.0536422617163029
NC_035781.1_2984364,0.0331023177630847,0.0244549157823494,0.0902379172992061,B10,0.0902379172992061,0.0331023177630847,0.0244549157823494,0.0575572335454341,0.032680683753772
NC_035781.1_29915692,0.028583015827777,-0.00423073572729821,0.0734950325560555,B10,0.0734950325560555,0.028583015827777,-0.00423073572729821,0.0243522801004788,0.0491427524555767
NC_035781.1_30627691,0.0358108231637643,0.103661928043855,0.151334382325874,B10,0.151334382325874,0.0358108231637643,0.103661928043855,0.139472751207619,0.0118616311182548
NC_035781.1_30691281,0.0186925647451963,0.0692249932145829,0.106321110509205,B10,0.106321110509205,0.0186925647451963,0.0692249932145829,0.0879175579597792,0.0184035525494254
NC_035781.1_30788466,0.0362105238134858,0.0423613948024106,0.106960996143174,B10,0.106960996143174,0.0362105238134858,0.0423613948024106,0.0785719186158964,0.0283890775272779
NC_035781.1_31856270,0.0463979717656057,0.038061278710662,0.110170302131115,B10,0.110170302131115,0.0463979717656057,0.038061278710662,0.0844592504762678,0.025711051654847
NC_035781.1_35582348,0.020126950264001,0.0360522139242861,0.0856432259874154,B10,0.0856432259874154,0.020126950264001,0.0360522139242861,0.0561791641882871,0.0294640617991283
NC_035781.1_35582349,0.0116491117093654,0.0299817039221079,0.074271114700548,B10,0.074271114700548,0.0116491117093654,0.0299817039221079,0.0416308156314734,0.0326402990690747
NC_035781.1_3570793,0.0454793981878583,0.0500768049155146,0.16999789162977,B10,0.16999789162977,0.0454793981878583,0.0500768049155146,0.0955562031033729,0.0744416885263972
NC_035781.1_37049220,0.0383281754350937,0.115244708994709,0.151745195223456,B10,0.151745195223456,0.0383281754350937,0.115244708994709,0.153572884429803,-0.00182768920634657
NC_035781.1_38137074,0.0364979100066979,0.0652499295514044,0.0758095228965101,B10,0.0758095228965101,0.0364979100066979,0.0652499295514044,0.101747839558102,-0.0259383166615922
NC_035781.1_40706660,0.015318648872798,0.063154619133164,0.0999771908407506,B10,0.0999771908407506,0.015318648872798,0.063154619133164,0.078473268005962,0.0215039228347886
NC_035781.1_40706661,0.0179099607100916,0.0683949597966634,0.101969447066112,B10,0.101969447066112,0.0179099607100916,0.0683949597966634,0.0863049205067549,0.0156645265593575
NC_035781.1_41536574,-0.0884794455462651,-0.143363506508097,-0.181202735766762,B10,0.181202735766762,0.0884794455462651,0.143363506508097,0.231842952054362,-0.0506402162875999
NC_035781.1_42270798,-0.0193431349019399,0.0200927549534142,0.0870738335629943,B10,0.0870738335629943,-0.0193431349019399,0.0200927549534142,0.000749620051474366,0.0863242135115199
NC_035781.1_42388762,0.00749063670411985,0.0661058359709034,0.0905339328067478,B10,0.0905339328067478,0.00749063670411985,0.0661058359709034,0.0735964726750233,0.0169374601317245
NC_035781.1_42388782,-0.00522113022113022,0.0596100116574255,0.070990990990991,B10,0.070990990990991,-0.00522113022113022,0.0596100116574255,0.0543888814362952,0.0166021095546958
NC_035781.1_42546576,0.101062194269741,0.0863837312113174,0.172083648274124,B10,0.172083648274124,0.101062194269741,0.0863837312113174,0.187445925481059,-0.0153622772069344
NC_035781.1_42700387,0.0143578643578644,0.0605961770345332,0.0891293083342356,B10,0.0891293083342356,0.0143578643578644,0.0605961770345332,0.0749540413923976,0.014175266941838
NC_035781.1_44773747,0.0560225238420727,0.0350212269620693,0.113886934083978,B10,0.113886934083978,0.0560225238420727,0.0350212269620693,0.091043750804142,0.0228431832798364
NC_035781.1_48164715,-0.00775169754163405,-0.0197463768115942,-0.159738274322754,B10,0.159738274322754,0.00775169754163405,0.0197463768115942,0.0274980743532283,0.132240199969526
NC_035781.1_48393303,0.0357586920662517,0.0268109893532026,0.11749998712024,B10,0.11749998712024,0.0357586920662517,0.0268109893532026,0.0625696814194543,0.054930305700786
NC_035781.1_5180539,0.027968345388467,0.058315645979688,0.0654701817303443,B10,0.0654701817303443,0.027968345388467,0.058315645979688,0.086283991368155,-0.0208138096378106
NC_035781.1_52597888,-0.0355720195959886,-0.0977770335187215,-0.163181026857463,B10,0.163181026857463,0.0355720195959886,0.0977770335187215,0.13334905311471,0.0298319737427532
NC_035781.1_52597904,-0.0548941798941799,-0.111195948066918,-0.177525252525253,B10,0.177525252525253,0.0548941798941799,0.111195948066918,0.166090127961098,0.0114351245641544
NC_035781.1_53496634,0.0302820717101524,0.0504995177934464,0.0944619030446654,B10,0.0944619030446654,0.0302820717101524,0.0504995177934464,0.0807815895035989,0.0136803135410665
NC_035781.1_551673,0.03539972899729,0.047571537946215,0.0831325435976599,B10,0.0831325435976599,0.03539972899729,0.047571537946215,0.0829712669435049,0.000161276654154954
NC_035781.1_5872005,0.0256626546949128,0.0384710624061537,0.0818123299620356,B10,0.0818123299620356,0.0256626546949128,0.0384710624061537,0.0641337171010664,0.0176786128609692
NC_035781.1_5872074,-0.0221324178051165,0.0434015163673324,0.0908808551344185,B10,0.0908808551344185,-0.0221324178051165,0.0434015163673324,0.021269098562216,0.0696117565722025
NC_035781.1_6230962,0.0112124584630999,0.04455791981685,0.090114700729574,B10,0.090114700729574,0.0112124584630999,0.04455791981685,0.0557703782799499,0.0343443224496241
NC_035781.1_643526,0.012526864186381,0.0684317254966133,0.109240067100399,B10,0.109240067100399,0.012526864186381,0.0684317254966133,0.0809585896829943,0.0282814774174047
NC_035781.1_7913840,0.0101750749178086,0.0473367194554105,0.0699334619681699,B10,0.0699334619681699,0.0101750749178086,0.0473367194554105,0.0575117943732191,0.0124216675949509
NC_035781.1_9144930,-0.00550964588019726,0.0233547708922269,0.094778614077874,B10,0.094778614077874,-0.00550964588019726,0.0233547708922269,0.0178451250120296,0.0769334890658444
NC_035782.1_15117821,0.0510888196281455,0.0231034669592485,0.123188031629488,B10,0.123188031629488,0.0510888196281455,0.0231034669592485,0.074192286587394,0.0489957450420944
NC_035782.1_17451590,0.0248291482241471,0.0630965717793297,0.132780776201048,B10,0.132780776201048,0.0248291482241471,0.0630965717793297,0.0879257200034768,0.0448550561975709
NC_035782.1_17452202,-0.00797344549019098,0.0791191908703667,0.09581693875498,B10,0.09581693875498,-0.00797344549019098,0.0791191908703667,0.0711457453801757,0.0246711933748043
NC_035782.1_18097316,0.0233785150565702,0.0583534767295953,0.0855293166081166,B10,0.0855293166081166,0.0233785150565702,0.0583534767295953,0.0817319917861655,0.00379732482195115
NC_035782.1_20406276,0.0142348731710434,-0.00929054054054054,0.127632027632028,B10,0.127632027632028,0.0142348731710434,-0.00929054054054054,0.00494433263050283,0.122687695001525
NC_035782.1_20654454,0.0255702331379946,0.0651612903225806,0.0906179270835652,B10,0.0906179270835652,0.0255702331379946,0.0651612903225806,0.0907315234605753,-0.000113596377010056
NC_035782.1_24878916,0.0178713887641284,0.0595534437810108,0.0853958168100846,B10,0.0853958168100846,0.0178713887641284,0.0595534437810108,0.0774248325451392,0.0079709842649454
NC_035782.1_24963626,-0.0203252032520325,0.061566992788572,0.115505632578803,B10,0.115505632578803,-0.0203252032520325,0.061566992788572,0.0412417895365394,0.0742638430422639
NC_035782.1_26264499,0.0321757527673706,0.0647141423569484,0.0734401125864541,B10,0.0734401125864541,0.0321757527673706,0.0647141423569484,0.096889895124319,-0.023449782537865
NC_035782.1_26506083,-0.0171032610575094,0.0721704788813322,0.133606037388655,B10,0.133606037388655,-0.0171032610575094,0.0721704788813322,0.0550672178238228,0.0785388195648323
NC_035782.1_26909595,0.0176823917180716,0.045570906440695,0.0655837759021363,B10,0.0655837759021363,0.0176823917180716,0.045570906440695,0.0632532981587666,0.0023304777433697
NC_035782.1_3295270,0.0216137988067813,0.0527565950614075,0.10766206122528,B10,0.10766206122528,0.0216137988067813,0.0527565950614075,0.0743703938681888,0.0332916673570908
NC_035782.1_37081754,-0.0478851535865123,-0.143806014587448,-0.215461810263363,B10,0.215461810263363,0.0478851535865123,0.143806014587448,0.19169116817396,0.0237706420894033
NC_035782.1_47172358,0.0170397856112142,0.0756123525359511,0.0935411029682941,B10,0.0935411029682941,0.0170397856112142,0.0756123525359511,0.0926521381471653,0.000888964821128852
NC_035782.1_47262306,-0.00103901113140116,0.0378997466636987,0.0851269387854754,B10,0.0851269387854754,-0.00103901113140116,0.0378997466636987,0.0368607355322975,0.0482662032531778
NC_035782.1_49476329,0.00131578947368421,0.0574586644742852,0.12285200179937,B10,0.12285200179937,0.00131578947368421,0.0574586644742852,0.0587744539479694,0.0640775478514008
NC_035782.1_49959655,0.0135952107224171,0.0597778276898106,0.102179851108323,B10,0.102179851108323,0.0135952107224171,0.0597778276898106,0.0733730384122276,0.0288068126960958
NC_035782.1_50473988,0.0312214729717017,0.076579793939129,0.104479391437596,B10,0.104479391437596,0.0312214729717017,0.076579793939129,0.107801266910831,-0.00332187547323493
NC_035782.1_53240880,-0.0333663949384592,-0.0528823124554501,-0.106852033383356,B10,0.106852033383356,0.0333663949384592,0.0528823124554501,0.0862487073939093,0.0206033259894465
NC_035782.1_53815081,-0.0179046271607625,0.0441090469958094,0.077695929552788,B10,0.077695929552788,-0.0179046271607625,0.0441090469958094,0.0262044198350469,0.0514915097177411
NC_035782.1_53916205,0.00675362130280163,0.00639538969709748,0.123516488764716,B10,0.123516488764716,0.00675362130280163,0.00639538969709748,0.0131490109998991,0.110367477764817
NC_035782.1_54304758,-0.0671999526609456,-0.177710067831399,-0.214678666127084,B10,0.214678666127084,0.0671999526609456,0.177710067831399,0.244910020492345,-0.0302313543652613
NC_035782.1_54487482,-0.0106048147865334,0.0389660573198311,0.0681521044466007,B10,0.0681521044466007,-0.0106048147865334,0.0389660573198311,0.0283612425332977,0.039790861913303
NC_035782.1_55855189,0.04543565491064,0.0573548377452916,0.101750607341191,B10,0.101750607341191,0.04543565491064,0.0573548377452916,0.102790492655932,-0.001039885314741
NC_035782.1_56992794,-0.00431639375744965,0.0358794040683507,0.0667455910501436,B10,0.0667455910501436,-0.00431639375744965,0.0358794040683507,0.031563010310901,0.0351825807392425
NC_035782.1_57594739,0.00803722768437248,0.0571496668284805,0.142906802487206,B10,0.142906802487206,0.00803722768437248,0.0571496668284805,0.065186894512853,0.0777199079743535
NC_035782.1_59805920,0.0260862774297354,0.0499120160884867,0.0876443001443001,B10,0.0876443001443001,0.0260862774297354,0.0499120160884867,0.0759982935182221,0.0116460066260781
NC_035782.1_6015410,0.0531542154351966,0.0338791330485683,0.104163778071889,B10,0.104163778071889,0.0531542154351966,0.0338791330485683,0.0870333484837649,0.0171304295881243
NC_035782.1_61703729,-0.00892532849054588,0.10250118486922,0.247696747800422,B10,0.247696747800422,-0.00892532849054588,0.10250118486922,0.0935758563786742,0.154120891421748
NC_035782.1_61744861,0.0503583373148591,0.0634973550543611,0.0689073268508875,B10,0.0689073268508875,0.0503583373148591,0.0634973550543611,0.11385569236922,-0.0449483655183326
NC_035782.1_63113934,0.0422479497410117,0.102373219390062,0.193438948758098,B10,0.193438948758098,0.0422479497410117,0.102373219390062,0.144621169131074,0.0488177796270239
NC_035782.1_67537375,0.000165271528032019,0.037973137973138,0.0631943085814811,B10,0.0631943085814811,0.000165271528032019,0.037973137973138,0.03813840950117,0.0250558990803111
NC_035782.1_69223095,0.0262637220946129,0.0504600416442063,0.0784070656692892,B10,0.0784070656692892,0.0262637220946129,0.0504600416442063,0.0767237637388192,0.00168330193046998
NC_035782.1_9994123,0.0462459590287836,0.0501940269181649,0.103999040315252,B10,0.103999040315252,0.0462459590287836,0.0501940269181649,0.0964399859469484,0.00755905436830377
NC_035783.1_11137183,0.0793007595333177,0.137652535143355,0.155949377404981,B10,0.155949377404981,0.0793007595333177,0.137652535143355,0.216953294676673,-0.0610039172716921
NC_035783.1_1494090,0.0434749338215699,0.00525655223329642,0.0801882188642533,B10,0.0801882188642533,0.0434749338215699,0.00525655223329642,0.0487314860548663,0.031456732809387
NC_035783.1_15097372,0.0271273114056619,0.0523230756587121,0.0874043586392309,B10,0.0874043586392309,0.0271273114056619,0.0523230756587121,0.079450387064374,0.00795397157485694
NC_035783.1_16658655,0.031561909011511,0.0484830767256331,0.114300695429136,B10,0.114300695429136,0.031561909011511,0.0484830767256331,0.0800449857371441,0.034255709691992
NC_035783.1_1732317,0.0161814076908417,0.0301042849360174,0.0715975891119528,B10,0.0715975891119528,0.0161814076908417,0.0301042849360174,0.046285692626859,0.0253118964850938
NC_035783.1_19226765,0.0285359403006462,0.0875752125752126,0.115405495268195,B10,0.115405495268195,0.0285359403006462,0.0875752125752126,0.116111152875859,-0.000705657607663265
NC_035783.1_20043125,0.000699659800882047,0.0286610186289159,0.091681230867226,B10,0.091681230867226,0.000699659800882047,0.0286610186289159,0.029360678429798,0.062320552437428
NC_035783.1_20697683,0.0307709130672499,0.0835251322751323,0.14823812255826,B10,0.14823812255826,0.0307709130672499,0.0835251322751323,0.114296045342382,0.0339420772158781
NC_035783.1_22530435,0.0458808933002482,0.0257284382284382,0.120249130178295,B10,0.120249130178295,0.0458808933002482,0.0257284382284382,0.0716093315286864,0.0486397986496085
NC_035783.1_22598014,0.0238225101176908,0.0329615917032488,0.107174961346604,B10,0.107174961346604,0.0238225101176908,0.0329615917032488,0.0567841018209396,0.0503908595256646
NC_035783.1_22599050,0.0357547886743928,0.0542319675779511,0.0692395883233867,B10,0.0692395883233867,0.0357547886743928,0.0542319675779511,0.0899867562523439,-0.0207471679289572
NC_035783.1_23563592,0.0193236714975845,0.0905257936507937,0.163140198608179,B10,0.163140198608179,0.0193236714975845,0.0905257936507937,0.109849465148378,0.0532907334598007
NC_035783.1_24759888,0.0257220550253988,0.0410096968686616,0.116761022636848,B10,0.116761022636848,0.0257220550253988,0.0410096968686616,0.0667317518940604,0.0500292707427874
NC_035783.1_24769424,0.00439526987472193,0.0651016189883436,0.151973849904884,B10,0.151973849904884,0.00439526987472193,0.0651016189883436,0.0694968888630655,0.0824769610418189
NC_035783.1_28552508,0.008125,0.0588471542227662,0.233662057590332,B10,0.233662057590332,0.008125,0.0588471542227662,0.0669721542227662,0.166689903367566
NC_035783.1_28694771,0.0422480128530357,0.0545573913994967,0.0742563776860379,B10,0.0742563776860379,0.0422480128530357,0.0545573913994967,0.0968054042525324,-0.0225490265664945
NC_035783.1_28695373,0.0155843193664931,0.0603234712498273,0.0930483889665183,B10,0.0930483889665183,0.0155843193664931,0.0603234712498273,0.0759077906163205,0.0171405983501978
NC_035783.1_28775533,0.0315780301570122,0.0550522212527998,0.0725243791981036,B10,0.0725243791981036,0.0315780301570122,0.0550522212527998,0.086630251409812,-0.0141058722117085
NC_035783.1_29116714,-0.0216771488469602,0.0415437197560774,0.0748184602149947,B10,0.0748184602149947,-0.0216771488469602,0.0415437197560774,0.0198665709091172,0.0549518893058775
NC_035783.1_30058348,0.0194925898540062,0.0569942951773188,0.0708351035937243,B10,0.0708351035937243,0.0194925898540062,0.0569942951773188,0.076486885031325,-0.0056517814376007
NC_035783.1_3332230,0.0423235850429216,0.115138129247718,0.191817345295606,B10,0.191817345295606,0.0423235850429216,0.115138129247718,0.15746171429064,0.0343556310049663
NC_035783.1_33349382,-0.0164700590198248,0.0540278785683767,0.0726153137880755,B10,0.0726153137880755,-0.0164700590198248,0.0540278785683767,0.0375578195485518,0.0350574942395236
NC_035783.1_34775811,0.0101896259591292,0.00705782169702745,0.0819977545531292,B10,0.0819977545531292,0.0101896259591292,0.00705782169702745,0.0172474476561566,0.0647503068969726
NC_035783.1_34893943,0.0251165885798964,0.0227679391555205,0.0561673351829845,B10,0.0561673351829845,0.0251165885798964,0.0227679391555205,0.047884527735417,0.00828280744756754
NC_035783.1_34894379,0.0178350524460136,0.0291863645890178,0.0687503694575098,B10,0.0687503694575098,0.0178350524460136,0.0291863645890178,0.0470214170350314,0.0217289524224785
NC_035783.1_36449307,0.0112496338994616,0.0220935983715455,0.113700564223745,B10,0.113700564223745,0.0112496338994616,0.0220935983715455,0.033343232271007,0.0803573319527378
NC_035783.1_37205517,0.014184939531714,-0.05710663459065,-0.124863215107081,B10,0.124863215107081,-0.014184939531714,0.05710663459065,0.042921695058936,0.0819415200481452
NC_035783.1_39284303,0.00796966368522377,0.0482173657426225,0.0754513732811707,B10,0.0754513732811707,0.00796966368522377,0.0482173657426225,0.0561870294278463,0.0192643438533244
NC_035783.1_42333728,0.0305208210977104,0.0607708908383842,0.0731589805415877,B10,0.0731589805415877,0.0305208210977104,0.0607708908383842,0.0912917119360946,-0.0181327313945069
NC_035783.1_42346656,0.0201262040865209,0.0286054595234621,0.0454773591055052,B10,0.0454773591055052,0.0201262040865209,0.0286054595234621,0.048731663609983,-0.00325430450447783
NC_035783.1_42595102,0.0345435006074199,0.0461228341053354,0.0826724961053319,B10,0.0826724961053319,0.0345435006074199,0.0461228341053354,0.0806663347127553,0.00200616139257666
NC_035783.1_42711839,0.0229448281378587,0.0316517716792612,0.0780166804823065,B10,0.0780166804823065,0.0229448281378587,0.0316517716792612,0.0545965998171198,0.0234200806651866
NC_035783.1_42713784,-0.00305216426193118,0.0329867576575215,0.0816129261293768,B10,0.0816129261293768,-0.00305216426193118,0.0329867576575215,0.0299345933955903,0.0516783327337865
NC_035783.1_46622849,0.0290545662452462,0.00784313725490196,0.0800573300573301,B10,0.0800573300573301,0.0290545662452462,0.00784313725490196,0.0368977035001481,0.0431596265571819
NC_035783.1_46890011,-0.0241015623517516,-0.047973946962691,-0.127620485916193,B10,0.127620485916193,0.0241015623517516,0.047973946962691,0.0720755093144426,0.0555449766017499
NC_035783.1_48125910,0.000829107913496101,0.0301451852052763,0.0716217596184792,B10,0.0716217596184792,0.000829107913496101,0.0301451852052763,0.0309742931187724,0.0406474664997068
NC_035783.1_49371303,0.0526455026455026,0.0225234235182651,0.0897049310842414,B10,0.0897049310842414,0.0526455026455026,0.0225234235182651,0.0751689261637677,0.0145360049204737
NC_035783.1_50526384,0.0234632034632035,0.0403929125929453,0.0693374606277832,B10,0.0693374606277832,0.0234632034632035,0.0403929125929453,0.0638561160561488,0.00548134457163441
NC_035783.1_50578537,-0.00795735129068463,0.0509941927369069,0.0818340235815964,B10,0.0818340235815964,-0.00795735129068463,0.0509941927369069,0.0430368414462223,0.0387971821353741
NC_035783.1_51461055,-0.0130837359098229,0.0640052989378327,0.148359386740196,B10,0.148359386740196,-0.0130837359098229,0.0640052989378327,0.0509215630280098,0.0974378237121866
NC_035783.1_52541884,0.0396394222535999,0.075355952020505,0.0837093201189687,B10,0.0837093201189687,0.0396394222535999,0.075355952020505,0.114995374274105,-0.0312860541551361
NC_035783.1_53509844,0.0158557130076941,0.0367534869880425,0.0677783000623331,B10,0.0677783000623331,0.0158557130076941,0.0367534869880425,0.0526091999957365,0.0151691000665966
NC_035783.1_53510104,-0.116315789492727,-0.0374197487100713,-0.212718463049882,B10,0.212718463049882,0.116315789492727,0.0374197487100713,0.153735538202799,0.0589829248470828
NC_035783.1_58567456,0.048265253169249,0.029170948780827,0.116141714969259,B10,0.116141714969259,0.048265253169249,0.029170948780827,0.077436201950076,0.0387055130191833
NC_035783.1_58567484,0.0363636363636364,0.0423469387755102,0.137788024814446,B10,0.137788024814446,0.0363636363636364,0.0423469387755102,0.0787105751391466,0.059077449675299
NC_035784.1_12893156,-0.0186581290078339,0.01364159563022,0.114537634600167,B10,0.114537634600167,-0.0186581290078339,0.01364159563022,-0.00501653337761391,0.119554167977781
NC_035784.1_18224966,0.0274188902661125,0.0762465183476071,0.140175705818981,B10,0.140175705818981,0.0274188902661125,0.0762465183476071,0.10366540861372,0.0365102972052611
NC_035784.1_25586951,-0.0455830429010041,-0.0824605820148939,-0.153593847179744,B10,0.153593847179744,0.0455830429010041,0.0824605820148939,0.128043624915898,0.0255502222638457
NC_035784.1_3567250,0.00668683662581451,0.0523055689722356,0.0819046015919466,B10,0.0819046015919466,0.00668683662581451,0.0523055689722356,0.0589924055980502,0.0229121959938965
NC_035784.1_36477564,-0.0134638906301881,-0.0876685714493588,-0.14106344733365,B10,0.14106344733365,0.0134638906301881,0.0876685714493588,0.101132462079547,0.0399309852541029
NC_035784.1_37911467,0.0551686268112489,-0.0185260661391527,-0.181699736577785,B10,0.181699736577785,-0.0551686268112489,0.0185260661391527,-0.0366425606720962,0.218342297249882
NC_035784.1_40653153,-0.00456093139019968,0.0541561923914865,0.0846768646064421,B10,0.0846768646064421,-0.00456093139019968,0.0541561923914865,0.0495952610012868,0.0350816036051552
NC_035784.1_44177238,0.00729576936473488,0.0886904063531881,0.183866492448942,B10,0.183866492448942,0.00729576936473488,0.0886904063531881,0.095986175717923,0.0878803167310188
NC_035784.1_45094171,0.00275431697712298,0.0548385038220282,0.12047874470749,B10,0.12047874470749,0.00275431697712298,0.0548385038220282,0.0575928207991512,0.0628859239083386
NC_035784.1_46804316,0.00204249327506201,0.0485792152373801,0.0833416362738108,B10,0.0833416362738108,0.00204249327506201,0.0485792152373801,0.0506217085124421,0.0327199277613687
NC_035784.1_47542035,0.00962629787877997,0.0325174680868711,0.0535784182519037,B10,0.0535784182519037,0.00962629787877997,0.0325174680868711,0.0421437659656511,0.0114346522862526
NC_035784.1_50312527,0.0105743824560646,0.0819265275787015,0.0727568419384276,B10,0.0727568419384276,0.0105743824560646,0.0819265275787015,0.0925009100347661,-0.0197440680963384
NC_035784.1_51132693,0.0394694415660697,0.0750285711901619,0.117531930162356,B10,0.117531930162356,0.0394694415660697,0.0750285711901619,0.114498012756232,0.00303391740612419
NC_035784.1_51251986,0.0694324194324194,0.0201124380585996,0.116360186182432,B10,0.116360186182432,0.0694324194324194,0.0201124380585996,0.089544857491019,0.0268153286914133
NC_035784.1_5214193,-0.0192989738772003,0.0205533306809866,0.123141912995884,B10,0.123141912995884,-0.0192989738772003,0.0205533306809866,0.00125435680378638,0.121887556192097
NC_035784.1_54644340,0.0274418146065656,0.0617417426591913,0.078763951501097,B10,0.078763951501097,0.0274418146065656,0.0617417426591913,0.0891835572657569,-0.0104196057646599
NC_035784.1_57126695,-0.00191524546052684,0.025250626566416,0.0770589668615984,B10,0.0770589668615984,-0.00191524546052684,0.025250626566416,0.0233353811058892,0.0537235857557092
NC_035784.1_57670560,0.0046894757867104,0.0268730968749086,0.0659344696495402,B10,0.0659344696495402,0.0046894757867104,0.0268730968749086,0.031562572661619,0.0343718969879212
NC_035784.1_57670582,0.0133433382295003,0.0319352334322043,0.0612253749141704,B10,0.0612253749141704,0.0133433382295003,0.0319352334322043,0.0452785716617045,0.0159468032524659
NC_035784.1_58870097,0.015621548600272,0.0651064034275713,0.103975525806512,B10,0.103975525806512,0.015621548600272,0.0651064034275713,0.0807279520278433,0.0232475737786684
NC_035784.1_59366878,-0.00109368036911441,0.0779296431876258,0.0777014054571664,B10,0.0777014054571664,-0.00109368036911441,0.0779296431876258,0.0768359628185114,0.000865442638655026
NC_035784.1_59406514,0.00199234337314615,0.0247497782448166,0.0645228004237607,B10,0.0645228004237607,0.00199234337314615,0.0247497782448166,0.0267421216179627,0.037780678805798
NC_035784.1_60369530,-0.0110500317925004,0.0880300564386619,0.115935883897289,B10,0.115935883897289,-0.0110500317925004,0.0880300564386619,0.0769800246461615,0.0389558592511277
NC_035784.1_64746394,0.0708492682728298,0.0779308818627218,0.204464279116055,B10,0.204464279116055,0.0708492682728298,0.0779308818627218,0.148780150135552,0.0556841289805037
NC_035784.1_67597216,0.0121584829704963,0.0709220774116022,0.0958657637890699,B10,0.0958657637890699,0.0121584829704963,0.0709220774116022,0.0830805603820985,0.0127852034069714
NC_035784.1_67774048,0.0184622851289518,0.0237017237017237,-0.177701757873116,B10,0.177701757873116,-0.0184622851289518,-0.0237017237017237,-0.0421640088306755,0.219865766703792
NC_035784.1_73021812,0.0111555754746475,0.0762099731592047,0.118544468100922,B10,0.118544468100922,0.0111555754746475,0.0762099731592047,0.0873655486338522,0.0311789194670697
NC_035784.1_75557360,0.0451443641356296,0.0855523323035851,0.1055338740424,B10,0.1055338740424,0.0451443641356296,0.0855523323035851,0.130696696439215,-0.0251628223968149
NC_035784.1_85044627,0.0123273823136493,0.0245948363255088,0.102949817085778,B10,0.102949817085778,0.0123273823136493,0.0245948363255088,0.0369222186391581,0.0660275984466204
NC_035784.1_85683253,-0.0200956901405094,0.0683962941425628,0.120100776223261,B10,0.120100776223261,-0.0200956901405094,0.0683962941425628,0.0483006040020534,0.0718001722212073
NC_035784.1_85683267,-0.00242533936651583,0.0674621052782612,0.130429368036206,B10,0.130429368036206,-0.00242533936651583,0.0674621052782612,0.0650367659117453,0.0653926021244603
NC_035784.1_85683487,0.0231113101683858,0.0244453577975253,0.0856956115117174,B10,0.0856956115117174,0.0231113101683858,0.0244453577975253,0.0475566679659111,0.0381389435458063
NC_035784.1_97707772,0.0341115188745728,0.0781299508227318,0.0996131991143035,B10,0.0996131991143035,0.0341115188745728,0.0781299508227318,0.112241469697305,-0.0126282705830011
NC_035785.1_10010486,-0.0089389214805419,-0.0289714890135231,-0.106067678331409,B10,0.106067678331409,0.0089389214805419,0.0289714890135231,0.037910410494065,0.0681572678373441
NC_035785.1_27377258,0.0211310660627888,0.0330300788125427,0.0999133509426579,B10,0.0999133509426579,0.0211310660627888,0.0330300788125427,0.0541611448753315,0.0457522060673264
NC_035785.1_32467020,0.0146637250123043,0.0318291700241741,0.0643002691838464,B10,0.0643002691838464,0.0146637250123043,0.0318291700241741,0.0464928950364783,0.017807374147368
NC_035785.1_32467576,0.000607529794249606,0.0595573077715935,0.102862236433743,B10,0.102862236433743,0.000607529794249606,0.0595573077715935,0.0601648375658431,0.0426973988678995
NC_035785.1_32656577,0.0247265502346803,0.0528548142160089,0.101467763533127,B10,0.101467763533127,0.0247265502346803,0.0528548142160089,0.0775813644506892,0.0238863990824375
NC_035785.1_43781913,-0.00718652077875379,0.027400199352882,0.131085555728617,B10,0.131085555728617,-0.00718652077875379,0.027400199352882,0.0202136785741282,0.110871877154489
NC_035785.1_47264541,-0.0706571985519354,-0.164965446318605,-0.214122069968419,B10,0.214122069968419,0.0706571985519354,0.164965446318605,0.235622644870541,-0.021500574902122
NC_035785.1_50782269,0.0284579297467616,0.071363031233999,0.127385942915085,B10,0.127385942915085,0.0284579297467616,0.071363031233999,0.0998209609807606,0.0275649819343244
NC_035786.1_321502,-0.154017857142857,-0.233983262108262,-0.275639025895173,B10,0.275639025895173,0.154017857142857,0.233983262108262,0.388001119251119,-0.112362093355946
NC_035786.1_34026807,0.00706989607029752,0.0302247493452755,0.0572350593391813,B10,0.0572350593391813,0.00706989607029752,0.0302247493452755,0.037294645415573,0.0199404139236083
NC_035786.1_42684987,0.00513454967325593,0.0801239771989205,0.117021575082872,B10,0.117021575082872,0.00513454967325593,0.0801239771989205,0.0852585268721764,0.0317630482106959
NC_035786.1_45780244,0.0285617943472001,0.0586011109121183,0.113195297497624,B10,0.113195297497624,0.0285617943472001,0.0586011109121183,0.0871629052593185,0.0260323922383054
NC_035786.1_46332838,0.0118243243243243,0.0485465240748889,0.130578928945586,B10,0.130578928945586,0.0118243243243243,0.0485465240748889,0.0603708483992133,0.070208080546373
NC_035786.1_47606842,0.013148921269941,0.0546356428468256,0.118631911870883,B10,0.118631911870883,0.013148921269941,0.0546356428468256,0.0677845641167666,0.0508473477541164
NC_035786.1_49214217,0.00412386196020038,0.0495397307125696,0.102191924507126,B10,0.102191924507126,0.00412386196020038,0.0495397307125696,0.05366359267277,0.0485283318343558
NC_035786.1_50737761,-0.0353435816581264,0.0239596411383135,0.133502674998876,B10,0.133502674998876,-0.0353435816581264,0.0239596411383135,-0.0113839405198129,0.144886615518689
NC_035786.1_50766697,-0.00231746858896416,0.0556915439917836,0.0733612456571099,B10,0.0733612456571099,-0.00231746858896416,0.0556915439917836,0.0533740754028195,0.0199871702542904
NC_035786.1_50767988,0.0334048251651248,0.0299989282601957,0.102106497239241,B10,0.102106497239241,0.0334048251651248,0.0299989282601957,0.0634037534253205,0.0387027438139201
NC_035786.1_50768096,0.00861607559304694,0.0581768163800526,0.144985625837485,B10,0.144985625837485,0.00861607559304694,0.0581768163800526,0.0667928919730995,0.0781927338643853
NC_035786.1_5271789,0.0172012218403971,0.0694782476468347,0.086252299061409,B10,0.086252299061409,0.0172012218403971,0.0694782476468347,0.0866794694872318,-0.000427170425822812
NC_035786.1_52752498,0.0276570613414394,0.0950440567507873,0.102892196508554,B10,0.102892196508554,0.0276570613414394,0.0950440567507873,0.122701118092227,-0.0198089215836731
NC_035786.1_53703323,-0.076813101937233,-0.13881768008257,-0.14569332437276,B10,0.14569332437276,0.076813101937233,0.13881768008257,0.215630782019803,-0.0699374576470427
NC_035786.1_7469102,0.159221442156213,0.0669278860609817,0.186588952019332,B10,0.186588952019332,0.159221442156213,0.0669278860609817,0.226149328217195,-0.0395603761978632
NC_035787.1_18340801,0.00626248176666968,0.0173008083562136,0.0955093734046669,B10,0.0955093734046669,0.00626248176666968,0.0173008083562136,0.0235632901228833,0.0719460832817837
NC_035787.1_22052204,0.00103148383702761,0.0482996392439117,0.0621239690266971,B10,0.0621239690266971,0.00103148383702761,0.0482996392439117,0.0493311230809393,0.0127928459457577
NC_035787.1_22052261,-0.00421369982111231,0.0667356181260363,0.0722583790892861,B10,0.0722583790892861,-0.00421369982111231,0.0667356181260363,0.062521918304924,0.00973646078436216
NC_035787.1_25082850,0.0313562453806356,0.0582898131003814,0.111217948717949,B10,0.111217948717949,0.0313562453806356,0.0582898131003814,0.089646058481017,0.0215718902369317
NC_035787.1_28912063,0.0297671045985798,0.0783245103155996,0.0857940069023458,B10,0.0857940069023458,0.0297671045985798,0.0783245103155996,0.108091614914179,-0.0222976080118336
NC_035787.1_37822162,0.0784493284493285,0.08125,0.183922286863463,B10,0.183922286863463,0.0784493284493285,0.08125,0.159699328449328,0.0242229584141349
NC_035787.1_41046958,0.00579944537724979,0.0219629323997929,0.0490079745115763,B10,0.0490079745115763,0.00579944537724979,0.0219629323997929,0.0277623777770427,0.0212455967345336
NC_035787.1_42720687,-0.0111444111444111,0.0313906878562051,0.0946031090784656,B10,0.0946031090784656,-0.0111444111444111,0.0313906878562051,0.0202462767117939,0.0743568323666717
NC_035787.1_45253651,0.0206157565331028,0.016152797563709,0.0707204523871191,B10,0.0707204523871191,0.0206157565331028,0.016152797563709,0.0367685540968118,0.0339518982903073
NC_035787.1_46095759,0.0193928521176305,0.0240196078431373,0.082856210906021,B10,0.082856210906021,0.0193928521176305,0.0240196078431373,0.0434124599607678,0.0394437509452532
NC_035787.1_46122753,0.0182147287410445,0.0705105425254679,0.144243827339278,B10,0.144243827339278,0.0182147287410445,0.0705105425254679,0.0887252712665124,0.0555185560727654
NC_035787.1_52765616,-0.00307296711406301,0.0643591301486038,0.113706905844382,B10,0.113706905844382,-0.00307296711406301,0.0643591301486038,0.0612861630345408,0.0524207428098415
NC_035787.1_54276937,0.00715134538663951,0.0354192465242493,0.100502802555658,B10,0.100502802555658,0.00715134538663951,0.0354192465242493,0.0425705919108888,0.0579322106447697
NC_035787.1_56521126,0.0152908123417082,0.0327854348562211,0.10132218832192,B10,0.10132218832192,0.0152908123417082,0.0327854348562211,0.0480762471979293,0.0532459411239905
NC_035787.1_61597495,0.0319803499151325,0.051716936702138,0.0925827012783535,B10,0.0925827012783535,0.0319803499151325,0.051716936702138,0.0836972866172705,0.00888541466108299
NC_035787.1_656856,0.0355716597372231,0.0470495078985627,0.124857344512608,B10,0.124857344512608,0.0355716597372231,0.0470495078985627,0.0826211676357858,0.0422361768768224
NC_035787.1_67807658,0.00288149621700012,0.075,0.0962245696400626,B10,0.0962245696400626,0.00288149621700012,0.075,0.0778814962170001,0.0183430734230625
NC_035787.1_72491641,0.0235389690095832,0.06663901303289,0.109571018950414,B10,0.109571018950414,0.0235389690095832,0.06663901303289,0.0901779820424732,0.0193930369079411
NC_035787.1_74018162,0.0827626256558132,0.107538877620014,0.172822633398748,B10,0.172822633398748,0.0827626256558132,0.107538877620014,0.190301503275827,-0.017478869877079
NC_035787.1_75073501,-0.00914288491431583,0.0460750325913398,0.0782577358428752,B10,0.0782577358428752,-0.00914288491431583,0.0460750325913398,0.036932147677024,0.0413255881658512
NC_035787.1_8231115,0.0271545502962053,0.0680072358240657,0.135579951761943,B10,0.135579951761943,0.0271545502962053,0.0680072358240657,0.0951617861202709,0.0404181656416723
NC_035788.1_1888430,-0.039276945960681,-0.0529418413599044,-0.109446781444525,B10,0.109446781444525,0.039276945960681,0.0529418413599044,0.0922187873205853,0.0172279941239397
NC_035788.1_40539445,0.0243400390459214,0.0385466323408511,0.121394618453442,B10,0.121394618453442,0.0243400390459214,0.0385466323408511,0.0628866713867725,0.0585079470666695
NC_035788.1_56583977,0.0127970513032433,0.0499128103639452,0.0663315204585294,B10,0.0663315204585294,0.0127970513032433,0.0499128103639452,0.0627098616671884,0.00362165879134095
NC_035788.1_57313579,0.0107940821256039,0.0626496958857095,0.0737137207968248,B10,0.0737137207968248,0.0107940821256039,0.0626496958857095,0.0734437780113133,0.000269942785511498
NC_035788.1_60476941,-0.00477760196905766,0.0265733844422784,0.083601416043581,B10,0.083601416043581,-0.00477760196905766,0.0265733844422784,0.0217957824732207,0.0618056335703603
NC_035788.1_67181883,0.0355306732572009,0.0277052327296584,0.0860749984376914,B10,0.0860749984376914,0.0355306732572009,0.0277052327296584,0.0632359059868593,0.0228390924508321
NC_035788.1_68248352,0.0120254892080289,0.0441851479433179,0.129362118097832,B10,0.129362118097832,0.0120254892080289,0.0441851479433179,0.0562106371513468,0.0731514809464848
NC_035788.1_71602348,0.0272128218578647,0.0476459171063374,0.09480707698099,B10,0.09480707698099,0.0272128218578647,0.0476459171063374,0.0748587389642021,0.0199483380167879
NC_035788.1_74079696,0.0666138204018971,0.101453504177381,0.173679936667891,B10,0.173679936667891,0.0666138204018971,0.101453504177381,0.168067324579278,0.005612612088613
NC_035788.1_74079753,0.0605561276765635,0.0770284655324583,0.159770563586279,B10,0.159770563586279,0.0605561276765635,0.0770284655324583,0.137584593209022,0.0221859703772569
NC_035788.1_75916689,0.0362928224039335,0.0423229548229548,0.124137107143643,B10,0.124137107143643,0.0362928224039335,0.0423229548229548,0.0786157772268883,0.0455213299167548
NC_035788.1_78350212,0.0358108017945166,0.0454621137392351,0.129995601769795,B10,0.129995601769795,0.0358108017945166,0.0454621137392351,0.0812729155337517,0.0487226862360436
NC_035788.1_78459722,0.0155910558036756,0.0197832052543207,0.112703731281542,B10,0.112703731281542,0.0155910558036756,0.0197832052543207,0.0353742610579963,0.0773294702235459
NC_035788.1_85726285,0.0144231550550111,0.0586020462734649,0.104688808305161,B10,0.104688808305161,0.0144231550550111,0.0586020462734649,0.0730252013284761,0.0316636069766845
NC_035789.1_9121469,0.00290326687224679,0.0557240215447085,0.0767716341992095,B10,0.0767716341992095,0.00290326687224679,0.0557240215447085,0.0586272884169553,0.0181443457822542
NC_035781.1_13294973,0.0351984652954562,0.0240624861314517,0.130111865028425,B11,0.130111865028425,0.0351984652954562,0.0240624861314517,0.0592609514269079,0.0708509136015168
NC_035781.1_2194267,0.0176706334601072,0.00478044387944277,0.162048050773096,B11,0.162048050773096,0.0176706334601072,0.00478044387944277,0.0224510773395499,0.139596973433546
NC_035781.1_4873046,0.0370707852518998,0.0370420657647872,0.0867871766703286,B11,0.0867871766703286,0.0370707852518998,0.0370420657647872,0.074112851016687,0.0126743256536416
NC_035782.1_32517164,0.0284170890833825,-0.00538428137212332,0.110193534017722,B11,0.110193534017722,0.0284170890833825,-0.00538428137212332,0.0230328077112592,0.087160726306463
NC_035782.1_3390667,-0.00755195122030032,-0.00232878360493563,0.0422227352322069,B11,0.0422227352322069,-0.00755195122030032,-0.00232878360493563,-0.00988073482523595,0.0521034700574429
NC_035782.1_38679062,0.0345285501535502,0.0297558836455113,0.0620453590237175,B11,0.0620453590237175,0.0345285501535502,0.0297558836455113,0.0642844337990615,-0.00223907477534392
NC_035782.1_45453332,0.0556105994911671,0.0327800285336764,0.0514577030853511,B11,0.0514577030853511,0.0556105994911671,0.0327800285336764,0.0883906280248435,-0.0369329249394925
NC_035782.1_45453335,0.0554385449320794,0.0350746380056725,0.0542197935640559,B11,0.0542197935640559,0.0554385449320794,0.0350746380056725,0.0905131829377519,-0.0362933893736961
NC_035783.1_27526759,0.0412730544309492,0.0312187812187812,0.0598583304062756,B11,0.0598583304062756,0.0412730544309492,0.0312187812187812,0.0724918356497304,-0.0126335052434548
NC_035784.1_1548481,0.028018034596982,0.0347554058844381,0.113819185200764,B11,0.113819185200764,0.028018034596982,0.0347554058844381,0.0627734404814201,0.0510457447193441
NC_035784.1_19827441,-0.000211541244975896,0.0224776577835089,0.0877092207052892,B11,0.0877092207052892,-0.000211541244975896,0.0224776577835089,0.022266116538533,0.0654431041667562
NC_035784.1_24938058,0.0341459494823074,0.0253812636165577,0.0600430273480889,B11,0.0600430273480889,0.0341459494823074,0.0253812636165577,0.0595272130988652,0.000515814249223749
NC_035784.1_2789575,0.0256901120888235,0.0135057523400741,0.0605057763159625,B11,0.0605057763159625,0.0256901120888235,0.0135057523400741,0.0391958644288976,0.021309911887065
NC_035784.1_62266059,0.0220548083045242,0.0025197328476017,0.0318410275502606,B11,0.0318410275502606,0.0220548083045242,0.0025197328476017,0.0245745411521259,0.00726648639813476
NC_035785.1_14471572,0.0107935853720521,0.00253796188755538,0.0648473193889206,B11,0.0648473193889206,0.0107935853720521,0.00253796188755538,0.0133315472596075,0.0515157721293131
NC_035785.1_30482030,0.0390789390789391,0.147788714439568,0.175345281432238,B11,0.175345281432238,0.0390789390789391,0.147788714439568,0.186867653518507,-0.0115223720862694
NC_035787.1_6500246,-0.0132002571122531,0.0186067540149896,0.040981919122585,B11,0.040981919122585,-0.0132002571122531,0.0186067540149896,0.00540649690273649,0.0355754222198485
NC_035780.1_11061754,0.0539325158872583,0.030132528761561,0.0988603099405022,B12,0.0988603099405022,0.0539325158872583,0.030132528761561,0.0840650446488193,0.0147952652916829
NC_035780.1_11323428,0.0189892995161238,0.0216599096324469,0.0494619098752787,B12,0.0494619098752787,0.0189892995161238,0.0216599096324469,0.0406492091485707,0.00881270072670801
NC_035780.1_23167913,0.0432624596792513,0.0299069561364643,0.127235291279632,B12,0.127235291279632,0.0432624596792513,0.0299069561364643,0.0731694158157156,0.0540658754639168
NC_035780.1_47493464,0.0691548415196133,0.0453626307362818,0.181601768649265,B12,0.181601768649265,0.0691548415196133,0.0453626307362818,0.114517472255895,0.0670842963933703
NC_035780.1_61554597,0.0803176789110293,0.0770659748522951,0.0704069018122518,B12,0.0704069018122518,0.0803176789110293,0.0770659748522951,0.157383653763324,-0.0869767519510727
NC_035781.1_16049812,0.026962676962677,0.0441354068303891,0.107250628371318,B12,0.107250628371318,0.026962676962677,0.0441354068303891,0.0710980837930661,0.036152544578252
NC_035781.1_2138236,0.0515984654731458,0.0504054174018221,0.14198615451151,B12,0.14198615451151,0.0515984654731458,0.0504054174018221,0.102003882874968,0.0399822716365416
NC_035781.1_2532975,0.0693924326946398,0.0552803854274443,0.175599881862559,B12,0.175599881862559,0.0693924326946398,0.0552803854274443,0.124672818122084,0.0509270637404753
NC_035781.1_30951624,0.0526174262808572,0.0349072148338016,0.103656995031896,B12,0.103656995031896,0.0526174262808572,0.0349072148338016,0.0875246411146588,0.016132353917237
NC_035781.1_52769443,0.0140357020000983,0.016823021676547,0.0509379208895512,B12,0.0509379208895512,0.0140357020000983,0.016823021676547,0.0308587236766453,0.0200791972129059
NC_035781.1_52936264,0.0607169253510717,0.0760683760683761,0.0962183484504913,B12,0.0962183484504913,0.0607169253510717,0.0760683760683761,0.136785301419448,-0.0405669529689565
NC_035781.1_8802953,0.0247241467190214,0.0296107916850951,0.163269591462316,B12,0.163269591462316,0.0247241467190214,0.0296107916850951,0.0543349384041165,0.108934653058199
NC_035781.1_8803358,-0.219071306838147,-0.192754154447703,-0.332739234676472,B12,0.332739234676472,0.219071306838147,0.192754154447703,0.41182546128585,-0.0790862266093786
NC_035782.1_25032840,0.0453007518796992,0.0558982895939418,0.110752334917542,B12,0.110752334917542,0.0453007518796992,0.0558982895939418,0.101199041473641,0.00955329344390145
NC_035782.1_73457398,0.0173330958823694,0.102923669467787,0.146059156135422,B12,0.146059156135422,0.0173330958823694,0.102923669467787,0.120256765350157,0.0258023907852659
NC_035783.1_15204429,0.00929033251231527,0.0295895989974937,0.129436936936937,B12,0.129436936936937,0.00929033251231527,0.0295895989974937,0.038879931509809,0.0905570054271279
NC_035783.1_19229375,0.065602447738933,0.00082309894766764,0.0776677020233453,B12,0.0776677020233453,0.065602447738933,0.00082309894766764,0.0664255466866007,0.0112421553367446
NC_035783.1_22934282,0.0102696902399246,-0.0117198846953596,0.0928192593431239,B12,0.0928192593431239,0.0102696902399246,-0.0117198846953596,-0.00145019445543496,0.0942694537985589
NC_035783.1_24749408,0.0236053783614759,0.0159574468085106,0.106725305586687,B12,0.106725305586687,0.0236053783614759,0.0159574468085106,0.0395628251699866,0.0671624804167006
NC_035783.1_30276412,0.0248129063918538,0.0327478306301395,0.121976494359499,B12,0.121976494359499,0.0248129063918538,0.0327478306301395,0.0575607370219932,0.064415757337506
NC_035783.1_30790551,0.0636134085280424,0.0465966066792014,0.076810107115207,B12,0.076810107115207,0.0636134085280424,0.0465966066792014,0.110210015207244,-0.0333999080920367
NC_035784.1_33738701,0.0207430657393451,0.0311609072845957,0.0946136313060132,B12,0.0946136313060132,0.0207430657393451,0.0311609072845957,0.0519039730239409,0.0427096582820723
NC_035784.1_51673004,0.0478056386592972,-0.0236124140087555,0.125380798660928,B12,0.125380798660928,0.0478056386592972,-0.0236124140087555,0.0241932246505417,0.101187574010386
NC_035784.1_57514539,0.0605555555555556,0.0593177655677656,0.132270580296896,B12,0.132270580296896,0.0605555555555556,0.0593177655677656,0.119873321123321,0.012397259173575
NC_035784.1_58067207,0.0444178153717627,0.0255851591648805,0.0707868317319537,B12,0.0707868317319537,0.0444178153717627,0.0255851591648805,0.0700029745366433,0.000783857195310433
NC_035784.1_84942527,0.0387859689330278,0.0577277532634675,0.104229298404995,B12,0.104229298404995,0.0387859689330278,0.0577277532634675,0.0965137221964953,0.00771557620849969
NC_035785.1_43695691,0.0494977518194039,0.038023088023088,0.118977506156736,B12,0.118977506156736,0.0494977518194039,0.038023088023088,0.0875208398424919,0.0314566663142444
NC_035786.1_37005973,0.0562551187551188,0.0662545787545788,0.143097864145658,B12,0.143097864145658,0.0562551187551188,0.0662545787545788,0.122509697509698,0.0205881666359607
NC_035787.1_14532660,0.00935060097904135,0.00349201396112151,0.0487933998174015,B12,0.0487933998174015,0.00935060097904135,0.00349201396112151,0.0128426149401629,0.0359507848772387
NC_035787.1_53041572,0.025147067101795,0.0274714652058684,0.0814444559363692,B12,0.0814444559363692,0.025147067101795,0.0274714652058684,0.0526185323076634,0.0288259236287058
NC_035788.1_101130913,0.4626026272578,0.277272366121087,0.312358002285407,B12,0.312358002285407,0.4626026272578,0.277272366121087,0.739874993378887,-0.42751699109348
NC_035788.1_16028129,-0.0325929152148664,0.0253234649122807,0.168380492213571,B12,0.168380492213571,-0.0325929152148664,0.0253234649122807,-0.00726945030258572,0.175649942516156
NC_035788.1_35386255,0.0515310858782033,0.0502880674076326,0.0723209858290504,B12,0.0723209858290504,0.0515310858782033,0.0502880674076326,0.101819153285836,-0.0294981674567855
NC_035788.1_40763322,0.0940403511832083,0.0405182990875162,0.152510661946159,B12,0.152510661946159,0.0940403511832083,0.0405182990875162,0.134558650270725,0.0179520116754347
NC_035789.1_1516214,0.0418838318179089,0.06055426671794,0.122402984535337,B12,0.122402984535337,0.0418838318179089,0.06055426671794,0.102438098535849,0.0199648859994886
NC_035789.1_31012392,0.0286730581624948,0.032093253968254,0.0613034231654108,B12,0.0613034231654108,0.0286730581624948,0.032093253968254,0.0607663121307488,0.000537111034662072
