tier,treatment,obs_excess,null_mean,null_sd,z,p_matched,n_null
Core,CA,0.0187048600934483,0.0105317383982921,0.0019880373980363,4.11115087836339,0.000999000999000999,1000
Core,SE,0.017869842505767,0.0101721349007689,0.00135291829343979,5.68970620201072,0.000999000999000999,1000
Core,CASE,0.0159587162023427,0.00971295938110411,0.000951545685714822,6.56380131296229,0.000999000999000999,1000
Convergent,CA,0.0245676567513222,0.00812791129612253,0.00612647531106059,2.68339373301966,0.00799200799200799,1000
Convergent,SE,0.0432892936661259,0.0215681868127422,0.00372329709427309,5.83383659788888,0.000999000999000999,1000
Convergent,CASE,0.0281886600787849,0.0151834489760539,0.00162327242405169,8.01172428609983,0.000999000999000999,1000
Private,CA,0.0951699493404563,0.0596244862860933,0.00560723110171223,6.33921848584211,0.000999000999000999,1000
Private,SE,0.108689534676476,0.0669992124408715,0.0049899239987353,8.35490124622568,0.000999000999000999,1000
Private,CASE,0.106986741311234,0.0665460783443185,0.00382916201263173,10.561230586094,0.000999000999000999,1000
