Sample_Name,salinity,VINDTA_T,Measured_T,corr_AT,corr_DIC,Salinity_in,t_in,P_in,Total_P_in,Total_Si_in,TA_in,TCO2_in,pH_in,fCO2_in,pCO2_in,HCO3_in,CO3_in,CO2_in,B_Alk_in,OH_in,P_Alk_in,Si_Alk_in,Revelle_in,WCa_in,WAr_in,xCO2_in,t_out,P_out,pH_out,fCO2_out,pCO2_out,HCO3_out,CO3_out,CO2_out,B_Alk_out,OH_out,P_Alk_out,Si_Alk_out,Revelle_out,WCa_out,WAr_out,xCO2_out
CS_B6_CASE_05Oct16,28.261,24.976999,19.06,2025.0296181489293,1845.105934313621,28.26099967956543,24.976999282836914,10.015000343322754,0,0,2025.0296630859375,1845.10595703125,7.904865264892578,545.3018798828125,547.0472412109375,1691.6404961203193,137.42152042063023,16.043883888239815,54.31896066060909,4.239837034732074,0,0,11.708179373151442,3.4826370037774907,2.2537367635512444,564.3884845220044,19.059999465942383,10.005000114440918,7.996458587560642,428.41993321987644,429.89510911047756,1695.4972949827034,134.8224977028698,14.786107743616034,56.82828085852215,3.0693317332039673,0,0,11.86823601493013,3.3694345111932194,2.146376273590029,439.3035414573935
CS_B6_CA_05Oct16,28.460999999999995,25.041,19.23,1945.4090967355423,2006.582257800725,28.461000442504883,25.041000366210938,10.015000343322754,0,0,1945.4090576171875,2006.582275390625,7.15312385559082,3417.175048828125,3428.103515625,1879.0619646315567,27.248577536454498,100.27167512298625,11.163374330244668,0.7583928409994972,0,0,14.641977757586952,0.6896278861847199,0.44670116139368293,3537.1899280354637,19.229999542236328,10.005000114440918,7.218162585850859,2856.4162515407306,2866.2308607246296,1883.32352695946,25.25604524245241,98.00264508908504,11.113615484158945,0.5215874661251961,0,0,15.114813002003636,0.630566478137823,0.4021414286144076,2929.6357809073497
CS_B6_CON_05Oct16,27.427666666666664,25,19.02,1866.8503158265987,1698.647169388818,27.42766761779785,25,10.015000343322754,0,0,1866.850341796875,1698.647216796875,7.911708831787109,496.8320007324219,498.4217834472656,1558.1630336612948,125.81144851900653,14.672677902753977,52.837916582394726,4.238967548027208,0,0,11.5836338525316,3.208811598897044,2.069893612056387,514.2513852399399,19.020000457763672,10.005000114440918,8.004083786421639,389.4191449032136,390.7607003077578,1561.7635719886239,123.36700655343158,13.516581541000127,55.30297731790805,3.0598410377021414,0,0,11.741786697953982,3.0997542076400175,1.9681185989805576,399.2948247225828
CS_B6_SE_05Oct16,27.661000000000005,25.07,18.9,2103.9089244931765,2162.708763894721,27.660999298095703,25.06999969482422,10.015000343322754,0,0,2103.908935546875,2162.708740234375,7.183152198791504,3460.77734375,3471.841552734375,2029.9078398295633,30.90190366974468,101.89892453894107,11.46334635529903,0.8008960383095709,0,0,15.197772498073487,0.7869192598205719,0.5081924379270072,3582.566538141563,18.899999618530273,10.005000114440918,7.253049962660092,2854.0691527774557,2863.916235330327,2034.8710474016075,28.560938330196592,99.27668230644498,11.433520078717093,0.5394075749194708,0,0,15.74451975743072,0.7163638134234351,0.4551216501520723,2925.9783674354912
CS_B6_J1_05Oct16,29.090333333333334,25.087999,18.920577811739342,2147.51040011432,2187.113548856539,29.090333938598633,25.08799934387207,10.015000343322754,0,0,2147.510498046875,2187.113525390625,7.232842922210693,3108.112060546875,3118.046875,2059.762151284306,36.555381492025795,90.7959776684287,13.770116032833032,0.9271346286755976,0,0,15.824419841274537,0.9208631577596361,0.5979308632251725,3217.5186956379034,18.920578002929688,10.005000114440918,7.30523598024722,2550.153917985693,2558.9501704963177,2065.164774581635,33.9836169594221,87.96511890370347,13.801816141361114,0.627093883920146,0,0,16.45278006218504,0.8444674500744247,0.5393467411116257,2614.432365039446
CS_B6_J2_05Oct16,28.69033333333334,25.072001,19.173763896639667,1866.609921750121,1740.9548076867482,28.690332412719727,25.07200050354004,10.015000343322754,0,0,1866.60986328125,1740.954833984375,7.777669906616211,698.9237670898438,701.158203125,1620.7544839828518,99.73212796609593,20.46820439245245,43.18917055997231,3.219035418572849,0,0,13.055729674365535,2.519910322839189,1.633784789950799,723.509561781046,19.173763275146484,10.005000114440918,7.8664303639339295,553.0133530041402,554.9148352065491,1624.6702539377668,97.30429755678128,18.98026484685217,45.025850612338836,2.3190774240581735,0,0,13.304903088260248,2.4254549102792238,1.5478881700826104,567.1448446472117
CS_B6_J3_13Oct16,28.890333333333334,25.229,19.0525,2081.027955092475,1927.5262451708104,28.89033317565918,25.229000091552734,10.015000343322754,0,0,2081.028076171875,1927.5262451171875,7.820342540740967,697.353759765625,699.5789184570312,1784.670077378852,122.53645361299043,20.319671060989307,47.684801554005645,3.61584621573261,0,0,12.712364994566178,3.0926965944708744,2.0075253333129,722.0936065358085,19.052499771118164,10.005000114440918,7.914572398296652,544.1078689631097,545.9815681179684,1789.0497204231447,119.7578838979338,18.71859773175323,49.90300978190421,2.5721038539162415,0,0,12.940382283969312,2.9805327516364963,1.9029083578265231,557.9207099330141
CS_B6_J4_13Oct16,28.923666666666666,25.177999,19.0525,2065.1695635541914,1921.3106212022303,28.92366600036621,25.17799949645996,10.015000343322754,0,0,2065.169677734375,1921.3106689453125,7.79806661605835,733.3634033203125,735.7048950195312,1783.6972913645448,116.22043464978694,21.39294559083812,45.625628601574,3.422095208626353,0,0,13.001881999858094,2.932134657043434,1.903247384819547,759.3077480442583,19.052499771118164,10.005000114440918,7.891040124306568,574.0021886871665,575.9788324322383,1788.08779150459,113.47943142545006,19.74344867512962,47.69803774082579,2.4380409770158082,0,0,13.248869975458353,2.8236534613178508,1.8029594733008947,588.5736999944653
CS_B6_J5_13Oct16,29.657000000000007,25.252001,19.245843839457308,1978.4295749443463,2035.0896764332206,29.656999588012695,25.25200080871582,10.015000343322754,0,0,1978.429443359375,2035.0897216796875,7.159393787384033,3401.377197265625,3412.227294921875,1907.242576192241,29.18825526421251,98.65893701288043,12.077596947624988,0.8035874537059029,0,0,14.746888774181079,0.7324048768909859,0.47672209296740153,3522.1517839692783,19.2458438873291,10.005000114440918,7.227269905262335,2823.6492738691272,2833.3493760854826,1911.8551321585421,27.02750966347072,96.20712664732052,12.03370772779511,0.5460879935661413,0,0,15.25724797886676,0.6694757395183879,0.4287378010292343,2896.0484881296497
CS_B6_J6_13Oct16,28.956999999999997,25.034,19.032051088108467,1884.361846628758,1768.3902053419572,28.957000732421875,25.034000396728516,10.015000343322754,0,0,1884.36181640625,1768.3902587890625,7.744312286376953,767.7522583007812,770.2078247070312,1651.2907429216125,94.62507912952927,22.47447676989047,40.85159994606066,2.9877457066183983,0,0,13.483971560423614,2.385774624806195,1.5481425367446724,794.6993966586181,19.03205108642578,10.005000114440918,7.833973982294445,605.8575217239623,607.9443964758757,1655.4148447695895,92.12798183936144,20.847472212081122,42.570803492835914,2.1351814971909597,0,0,13.771246628188235,2.2917858858587064,1.4634480388391877,621.220680689108
CS_B6_J7_13Oct16,29.357000000000003,24.995001,19.169453883278067,2144.2309630879768,2220.3433866050095,29.35700035095215,24.9950008392334,10.015000343322754,0,0,2144.23095703125,2220.343505859375,7.126699924468994,3990.507568359375,4003.277099609375,2074.7215414467373,28.93434604821791,116.68767807337292,10.992883215553501,0.7241737087737663,0,0,14.327434586727232,0.7272223290176154,0.47250981592773683,4130.242294950136,19.16945457458496,10.005000114440918,7.191202904525181,3339.858544467737,3351.3429389452003,2079.352223975913,26.76341488404964,114.22792670836472,10.921486355043536,0.49613101981016094,0,0,14.77156026033122,0.6641720617988245,0.4248388715848011,3425.1570028709693
CS_B6_J8_13Oct16,29.757,25.031,18.912087888552772,1977.9383858259039,2038.4133784261126,29.756999969482422,25.0310001373291,10.015000343322754,0,0,1977.9384765625,2038.4134521484375,7.149540901184082,3476.967041015625,3488.08837890625,1908.660979193624,28.385675159952903,101.3667715539159,11.806519997402374,0.7720037104039323,0,0,14.585888147212842,0.7113181465999048,0.46285253820262096,3598.9346744943196,18.91208839416504,10.005000114440918,7.218373204950029,2876.8418492888663,2886.766001144027,1913.3016171328964,26.213991667150065,98.89781710744629,11.75088884544283,0.5196655264577897,0,0,15.088672282363486,0.6485227176419597,0.41511304722250797,2949.298696285792
CS_B6_J9_13Oct16,28.956999999999997,25.08,19.0525,2061.540778638351,1946.3438208042828,28.957000732421875,25.079999923706055,10.015000343322754,0,0,2061.540771484375,1946.3438720703125,7.722168922424316,891.1068115234375,893.955322265625,1820.9530598025956,99.33598102950802,26.054883086799396,39.084333579513924,2.85073528288601,0,0,14.064442045902629,2.504858099255141,1.625633538352377,922.4624200765126,19.052499771118164,10.005000114440918,7.811889885291226,703.0620105445661,705.4830868974611,1825.528330797274,96.63737694968866,24.178216171940292,40.72019239928721,2.033177321664899,0,0,14.393316588239797,2.40405169363673,1.5352136331704769,720.9095242851228
CS_B6_J10_13Oct16,29.757,25.028,19.157541812855467,1983.8627280503829,2044.7394577479308,29.756999969482422,25.027999877929688,10.015000343322754,0,0,1983.862548828125,2044.7393798828125,7.14902925491333,3491.66796875,3502.836669921875,1914.5005745720782,28.435723180102656,101.80313674338714,11.792169269245763,0.7708911804073741,0,0,14.58179244859782,0.7125669023671396,0.46366104041093664,3614.131005202393,19.157541275024414,10.005000114440918,7.214999427626319,2912.447489231581,2922.4636845072464,1918.9664024343676,26.34621476534872,99.42681729585199,11.738398177843912,0.5275523863882696,0,0,15.06328381330739,0.6520648401762286,0.4176322629411752,2986.768439708491
CS_B6_J11_13Oct16,28.956999999999997,24.982,19.0525,1911.9686799387675,1770.6595607812126,28.957000732421875,24.98200035095215,10.015000343322754,0,0,1911.9686279296875,1770.6595458984375,7.813230037689209,651.0765991210938,653.160400390625,1641.5516183552277,110.02364618138057,19.08431815279615,46.89978729163564,3.4855778700292337,0,0,12.594897018912153,2.773633066675395,1.7995547168002592,673.8636715910542,19.052499771118164,10.005000114440918,7.903303483195503,513.4360150568535,515.2040920915038,1645.4885795903838,107.51400161647922,17.657001482541435,48.95522528138028,2.5095095618052703,0,0,12.812541373625919,2.6746298982258514,1.708003323851221,526.4697961404397
CS_B6_J12_13Oct16,29.456999999999997,24.979,19.0525,2132.2619874263387,2208.293711706308,29.457000732421875,24.979000091552734,10.015000343322754,0,0,2132.261962890625,2208.293701171875,7.125056266784668,3981.12744140625,3993.869384765625,2063.1721479845783,28.721181352272726,116.4003190998143,11.002039890973737,0.7219056758707666,0,0,14.293815977442419,0.7212839287005254,0.468790815131945,4120.404461137635,19.052499771118164,10.005000114440918,7.190676103533234,3321.411581879149,3332.849251556239,2067.8542733761815,26.527045011642723,113.91233004884143,10.928135373950756,0.4911267460264292,0,0,14.743624599423466,0.6577336445873112,0.4207400337609735,3405.7067060934037
CS_B10_CASE_02Jul18,28.113666666666674,25.028,21.48,2122.561198146469,2162.30771625685,28.113666534423828,25.027999877929688,10.015000343322754,0,0,2122.561279296875,2162.3076171875,7.239117622375488,3044.71533203125,3054.454345703125,2037.1171018884975,35.65675759467744,89.53364135605868,13.272875581077363,0.9166010228201913,0,0,15.934535773467571,0.9047796758856353,0.5852714241079869,3151.5920549343236,21.479999542236328,10.005000114440918,7.280396095712628,2722.895767937793,2731.993494603889,2040.175808442198,34.20596118329758,87.92573121373755,13.292446403448913,0.7345342635143386,0,0,16.29472882021782,0.8601169507482075,0.5509716875545857,2801.6849104478947
CS_B10_CA_27Jun18,28.21366666666667,25.018,21.53,2027.9027334828897,1965.9024938348914,28.213666915893555,25.01799964904785,10.015000343322754,0,0,2027.9027099609375,1965.9024658203125,7.5730204582214355,1286.3541259765625,1290.4693603515625,1857.7741453528913,70.31153350258478,37.816834037604586,27.552993278584168,1.9798405778844614,0,0,16.041885404449253,1.7827306561459049,1.1535963419853004,1331.4812164072164,21.530000686645508,10.005000114440918,7.621780030776572,1131.1909750403956,1134.9681672695465,1860.6569203723645,68.78719796940466,36.458394551311606,28.07302802771327,1.6227837163057863,0,0,16.358003746373612,1.728663948413781,1.1079052240813845,1164.009914185681
CS_B10_CON_02Jul18,31.51366666666667,25.101,21.95,2265.236098889164,2001.6024212425948,31.5136661529541,25.10099983215332,10.015000343322754,0,0,2265.236083984375,2001.6024169921875,7.996013641357422,461.7047424316406,463.1802673339844,1792.249583691352,196.03847120456095,13.314380588615691,75.27153792374986,5.648356734295128,0,0,10.196421785894902,4.84701648064886,3.171564664868795,477.9483566536671,21.950000762939453,10.005000114440918,8.045350978411003,406.32467759016174,407.67442160825834,1794.381510349262,194.4990509513167,12.72187418394988,77.09526976140737,4.77042459989954,0,0,10.250163196364689,4.778528894764311,3.098914397274801,418.36473441892014
CS_B10_SE_02Jul18,31.51366666666667,25.066999,21.41,2313.4493333562405,2063.1071640793384,31.5136661529541,25.066999435424805,10.015000343322754,0,0,2313.44921875,2063.107177734375,7.964797496795654,514.5805053710938,516.2257080078125,1859.2414684325515,189.01375979542797,14.851982914798786,70.95054284726588,5.240831025193661,0,0,10.605432456732274,4.672977778391721,3.0573777280797034,532.6507224635419,21.40999984741211,10.005000114440918,8.021940169315535,443.63414369430933,445.11769684655894,1861.8224515419581,187.1907677407007,14.093991860119607,72.95204183246047,4.302958724977749,0,0,10.67597676785633,4.594593279618572,2.975300869983881,456.40112483373827
CS_B10_J1_27June18,28.447,24.972,19.53,2128.799613957161,2155.2990260724773,28.44700050354004,24.972000122070312,10.015000343322754,0,0,2128.799560546875,2155.299072265625,7.278686046600342,2770.354248046875,2779.221923828125,2034.582267216976,39.27580503990875,81.44099337772329,14.713099784446358,1.0062241319354472,0,0,16.3330335451832,0.9939389101291577,0.6436543128842744,2867.28613966936,19.530000686645508,10.005000114440918,7.343952596163089,2319.904120208851,2327.8454822459476,2039.4057089295918,36.964136382797676,78.92922032221853,14.795448002989128,0.7162123978877125,0,0,16.930171343610546,0.9235078166230468,0.5893700216694162,2380.3335318122213
CS_B10_J2_26June18,28.547000000000004,25.018,19.72,1910.8730793517439,1792.4439809926423,28.547000885009766,25.01799964904785,10.015000343322754,0,0,1910.873046875,1792.4439697265625,7.75413179397583,762.082763671875,764.520751953125,1673.1276623119763,96.95099853750081,22.36525535211434,40.835696737993175,3.02562241815826,0,0,13.509240016920899,2.45195149213233,1.5886355017952376,788.8131121905107,19.719999313354492,10.005000114440918,7.8333097370125335,618.5592093600375,620.671614193211,1676.7776258723634,94.74482459068274,20.921465738545304,42.36705774803034,2.253629417628065,0,0,13.761178447408167,2.366404990811982,1.5114696652984647,634.8356438236673
CS_B10_J3_27June18,29.880333333333336,24.997,19.71,2274.5395524199976,2220.7964731887473,29.880332946777344,24.996999740600586,10.015000343322754,0,0,2274.53955078125,2220.79638671875,7.518074989318848,1636.2154541015625,1641.451171875,2099.983531204559,73.10029828976259,47.712591675913224,26.583641194179222,1.8027719269968492,0,0,16.444262810675262,1.8299367677442056,1.1911025540719116,1693.5014210427694,19.709999084472656,10.005000114440918,7.591065646884998,1347.919888277087,1352.523663381471,2105.0623089044584,70.45915581337287,45.27495645240349,27.261972393347904,1.3231222690415478,0,0,16.98272599562007,1.744080512071924,1.1190247276124206,1383.3464455301842
CS_B10_J4_27Jun18,30.880333333333336,24.985001,19.71,2325.0382200966374,2183.1876755380736,30.880332946777344,24.985000610351562,10.015000343322754,0,0,2325.038330078125,2183.187744140625,7.742338180541992,941.61962890625,944.6331787109375,2034.2347285228464,121.62919816877547,27.3238262704905,44.484693886011975,3.079099431869565,0,0,13.679963062684124,3.0213202321479624,1.9726767557253249,974.5484942709145,19.709999084472656,10.005000114440918,7.821655643268745,764.5376942847306,767.1489471002152,2038.67993700139,118.96676735575366,25.541048604969028,46.147295444463204,2.2930453519958034,0,0,13.939000142464542,2.9247759287455013,1.8822958301674737,784.6218482180042
CS_B10_J5_27June18,28.68033333333334,24.99,19.61,1958.1468655006772,1789.6276569665688,28.680334091186523,24.989999771118164,10.015000343322754,0,0,1958.14697265625,1789.627685546875,7.880908489227295,559.1990966796875,560.9885864257812,1645.24778800558,127.9684588637509,16.41146628194516,52.92296752729047,4.052687318700211,0,0,11.821892106780362,3.2328772450280665,2.0954627909266716,578.7818360863498,19.610000610351562,10.005000114440918,7.96365306999976,449.9015773261711,451.44011832585164,1648.7154116323702,125.65923568376604,15.253065835139868,55.10434868116565,3.0197826090725477,0,0,11.976141779836967,3.1350697379591006,2.0028413880458618,461.66971115426895
CS_B10_J6_27June18,30.213666666666672,24.972,19.95,2077.6078076153763,1929.2223084718883,30.213666915893555,24.972000122070312,10.015000343322754,0,0,2077.60791015625,1929.2222900390625,7.794309139251709,736.8150634765625,739.1735229492188,1789.2241974629183,118.535849449365,21.46220996424508,47.907525357153396,3.420886487907663,0,0,12.796334911253018,2.959569535143169,1.9283190801606036,762.5722313994278,19.950000762939453,10.005000114440918,7.87041016835589,603.4371037307193,605.4919684194684,1792.8806765667302,116.24479595161058,20.09678435818739,49.66109865062996,2.590288341095464,0,0,12.991855686750668,2.872100807393651,1.8458317335138055,619.4997283001273
CS_B10_J7_27June18,28.447,25.003,19.84,2121.898363769405,2177.8885293312555,28.44700050354004,25.003000259399414,10.015000343322754,0,0,2121.8984375,2177.888427734375,7.187812805175781,3433.084716796875,3444.069580078125,2044.9833801252275,32.06153161082585,100.84361577649683,12.039695912379717,0.8184733866969208,0,0,15.25146973107127,0.8114391105157553,0.5255182406868888,3553.4089145362213,19.84000015258789,10.005000114440918,7.2465166759243775,2923.0799679339125,2933.0474861104717,2049.2529797855036,30.047403769875242,98.58814395717141,12.019508260543248,0.5888695111864656,0,0,15.718255597837327,0.7511652684748061,0.4797538521678832,3000.496601821326
CS_B10_J8_27June18,28.747000000000003,24.982,19.64,1928.000356310784,2107.4351188101327,28.746999740600586,24.98200035095215,10.015000343322754,0,0,1928.0003662109375,2107.43505859375,6.8571319580078125,6797.162109375,6818.916015625,1894.0121076796859,13.96725418622211,199.45577703019958,5.811707978677509,0.3839450364186137,0,0,9.615391351651692,0.3526694274572604,0.2286411264829514,7035.08147273371,19.639999389648438,10.005000114440918,6.910344231886719,5850.23548613863,5870.234216482878,1896.5101728256593,12.822661412808252,198.10230465764016,5.70206173750075,0.268192014817239,0,0,9.733219770630347,0.31978849457710995,0.20436088199475919,6003.502039111407
CS_B10_J9_27June18,31.98033333333333,25.007999,19.82,2273.163320577607,2153.9061076409707,31.98033332824707,25.007999420166016,10.015000343322754,0,0,2273.163330078125,2153.906005859375,7.6775803565979,1078.9755859375,1082.4278564453125,2016.062520231182,106.73072926379798,31.11279039864738,40.94553600195594,2.7152487869842075,0,0,14.208568210924804,2.628729242450014,1.721761212468665,1116.734261416864,19.81999969482422,10.005000114440918,7.754252626685867,882.1988035220511,885.2077955635299,2020.5830079042569,104.11632612829065,29.20670586107959,42.34160980701036,2.023997279144157,0,0,14.514683322021082,2.54064939045896,1.640429450994015,905.4985078542403
CS_B10_J10_02Jul18,32.147000000000006,25.09,19.86,2247.794696828034,2024.740539539146,32.14699935913086,25.09000015258789,10.015000343322754,0,0,2247.794677734375,2024.740478515625,7.913056373596191,572.360107421875,574.1895141601562,1839.6043991035544,168.68030388726567,16.455743368099135,66.12359796112995,4.718644758139893,0,0,11.016785439480456,4.149796664473174,2.719867801481995,592.4781650085409,19.860000610351562,10.005000114440918,7.994436359172784,462.81307146128097,464.39084159215844,1843.400141458001,166.04897369614022,15.291331204777972,68.76450664008604,3.5425082570944775,0,0,11.133909448330908,4.0474243492249276,2.614675566811819,475.06165844009945
CS_B10_J11_26June18,28.780333333333335,24.923,19.93,1933.392918137957,2039.2857874869178,28.780332565307617,24.92300033569336,10.015000343322754,0,0,1933.3929443359375,2039.285888671875,7.024019241333008,4601.29736328125,4616.0341796875,1883.7135808736086,20.37170583957801,135.20055561607683,8.471276168396141,0.5613141721805455,0,0,12.485548690896389,0.5141681965115843,0.33332689420159306,4761.833388321682,19.93000030517578,10.005000114440918,7.0765427982320075,3976.1336196313323,3989.6767910310446,1886.8206289273107,18.938896096937174,133.52631730501574,8.375905383801,0.4041500522065052,0,0,12.736411809480229,0.4724856120733919,0.30219708224275876,4081.9325942213136
CS_B10_J12_26June18,28.780333333333335,25.003,19.82,2104.846902512525,2154.665502029379,28.780332565307617,25.003000259399414,10.015000343322754,0,0,2104.846923828125,2154.66552734375,7.2019476890563965,3285.268310546875,3295.780029296875,2025.2366956086532,33.09435340166842,96.3344844429042,12.634228828373578,0.8515119352855235,0,0,15.423363499300368,0.8354590752598495,0.5417398913420145,3400.391964893382,19.81999969482422,10.005000114440918,7.261460658643205,2792.0313665117483,2801.554390265411,2029.565910487076,31.048563737640563,94.05105922850963,12.62738799949934,0.6124351903985942,0,0,15.910937635274614,0.7744288271856788,0.49518014607444794,2865.8860100297147
CS_B11_CASE_08Aug17,30.845333333333325,24.987,19.36,2131.0794670259875,2171.8937154269033,30.845333099365234,24.98699951171875,10.015000343322754,0,0,2131.079345703125,2171.893798828125,7.21552848815918,3181.801025390625,3191.983642578125,2043.2606021832823,36.29193132363342,92.34130342347831,14.382123843301619,0.9149368387941411,0,0,15.507961440906543,0.9017552610520221,0.5887149662126836,3293.0840704898033,19.360000610351562,10.005000114440918,7.281397060749462,2659.482871912216,2668.605996751562,2048.2109691122364,33.942331649809915,89.74053616834762,14.397684711242642,0.6393853947812949,0,0,16.06380711165875,0.8342027838698336,0.5363411505542585,2728.05097225159
CS_B11_CA_08Aug17,30.845333333333325,24.951,19.65,2104.880601969822,2147.5672717317047,30.845333099365234,24.951000213623047,10.015000343322754,0,0,2104.880615234375,2147.5673828125,7.20823335647583,3197.4990234375,3207.736328125,2019.4626607636449,35.22287266406383,92.88192502308543,14.13853099457872,0.8968390389131997,0,0,15.403206689402463,0.8751187635050638,0.5712648200874221,3309.1111249172823,19.649999618530273,10.005000114440918,7.269975280163186,2703.0096728212493,2712.248620702181,2024.0460232175215,33.05243564309595,90.46899959017692,14.144647750354663,0.6397840030109648,0,0,15.917082558706188,0.8127049534684989,0.5228997827053841,2773.790149484512
CS_B11_CON_08Aug17,31.411999999999992,24.879,20.07,2127.5823109775342,1948.804902198765,31.41200065612793,24.878999710083008,10.015000343322754,0,0,2127.582275390625,1948.804931640625,7.847226619720459,649.9791259765625,652.0619506835938,1792.29258915639,137.65263703547652,18.859717630457855,56.074689058993954,3.924180996252641,0,0,11.897278825931384,3.4044555128032763,2.2255584658643777,672.5715672265527,20.06999969482422,10.005000114440918,7.921012814592416,535.8631704747829,537.6852034256519,1795.7643371393872,135.36875257782458,17.67185410511251,58.08290403357932,3.0097037793486545,0,0,12.041476313221747,3.317680708391844,2.1403038170851074,550.2108978968496
CS_B11_SE_08Aug17,31.24533333333333,25.004999,19.63,2155.9768336663933,1984.4268535421716,31.245332717895508,25.0049991607666,10.015000343322754,0,0,2155.976806640625,1984.427001953125,7.827097415924072,695.9564208984375,698.1831665039062,1829.9875668696027,134.2927748444766,20.146642849390656,53.64272286740702,3.776211194860542,0,0,12.210333875562112,3.326605069417264,2.174446042175075,720.316398191185,19.6299991607666,10.005000114440918,7.909373013309503,560.955161926949,562.8729975762797,1833.9629679000122,131.7191805592836,18.74483610417397,55.783636351474485,2.8044440150318195,0,0,12.38666922250731,3.229762541265671,2.080302690184359,575.6256561070827
CS_B11_J1_08Aug17,27.978666666666662,25.082001,19.1,2256.65916149316,2115.233500512305,27.978666305541992,25.082000732421875,10.015000343322754,0,0,2256.6591796875,2115.2333984375,7.783919334411621,840.6113891601562,843.2985229492188,1969.8406181628422,120.69021157098065,24.702505910184115,42.235394429460065,3.2194505604706474,0,0,13.739731605977697,3.066088595887903,1.9826237579809876,870.2082753205493,19.100000381469727,10.005000114440918,7.874493850538274,661.850556242599,664.1283632434679,1974.5223137709288,117.85934610110502,22.85167577197305,44.11849059832018,2.31321141023532,0,0,14.022115351941924,2.9511912973015977,1.8781506124249983,678.7024911611877
CS_B11_J2_07Aug17,27.045333333333335,24.974001,19.02,1809.2914350562683,1707.7731801457996,27.045333862304688,24.974000930786133,10.015000343322754,0,0,1809.2913818359375,1707.773193359375,7.735354900360107,767.3871459960938,769.8433837890625,1599.972513248186,85.07760335624288,22.723073387283765,36.38823051902225,2.794250934857004,0,0,14.025742715973045,2.176017037240263,1.401366250040185,794.2593802616208,19.020000457763672,10.005000114440918,7.823679061661098,607.2161358040715,609.3080054498665,1603.9032670911477,82.74975509232027,21.120167808244638,37.900162310662616,2.0037852517354153,0,0,14.346568478439599,2.084383894594534,1.3214080024520256,622.6179815777136
CS_B11_J3_08Aug17,26.94533333333333,25.056999,19.15,2250.956412709603,2300.9446365900826,26.94533348083496,25.05699920654297,10.015000343322754,0,0,2250.956298828125,2300.944580078125,7.228207111358643,3343.44580078125,3354.13671875,2166.2553043385956,35.84535087498331,98.84398974420189,12.197129249569688,0.8735967697856263,0,0,15.937425899361385,0.9177358982400589,0.5909196908269541,3461.0651618296333,19.149999618530273,10.005000114440918,7.296469496759114,2771.7632754390575,2781.2965421585222,2171.484169581744,33.356837511432225,96.10363786460461,12.208932174273691,0.6011050049337836,0,0,16.52551465894463,0.8410091374479239,0.5331138015134987,2842.561400127051
CS_B11_J4_08Aug17,28.511999999999997,25.018,19.18,2214.931731369574,2063.962247467607,28.511999130249023,25.01799964904785,10.015000343322754,0,0,2214.931640625,2063.962158203125,7.806092739105225,774.5206298828125,776.9983520507812,1916.1963644385048,125.03138615062737,22.734414677143267,45.28082637534951,3.4076466859111636,0,0,13.244746134482474,3.1629634411963976,2.0490384672024313,801.6876966734168,19.18000030517578,10.005000114440918,7.894957901119463,612.7612942100629,614.8680496634577,1920.6229333693184,122.29163130349278,21.047600593464235,47.26925876997154,2.469184752103486,0,0,13.488427118795439,3.0519285966793834,1.946477094466543,628.4261248954475
CS_B11_J5_08Aug17,30.311999999999994,24.976999,18.02,1999.369814371612,1867.3412544969058,30.312000274658203,24.976999282836914,10.015000343322754,0,0,1999.369873046875,1867.34130859375,7.759525775909424,775.17626953125,777.6573486328125,1738.2003774202917,106.57577685775088,22.565189035412974,44.870448595935294,3.1652155866473297,0,0,13.127554903504834,2.6589745876030224,1.7330309831997157,802.2805398628357,18.020000457763672,10.005000114440918,7.864536196103677,587.1654667098229,589.2137654632672,1743.244758271707,103.45154044015364,20.645044601594893,47.09700852753729,2.1389076997517997,0,0,13.429700569171674,2.5464214224954564,1.6292642323974076,601.2651141375243
CS_B11_J6_08Aug17,27.74533333333333,24.972,18.36,1832.9469138953775,1900.3143940737516,27.745332717895508,24.972000122070312,10.015000343322754,0,0,1832.9468994140625,1900.314453125,7.125972747802734,3448.625244140625,3459.663818359375,1774.9110556725655,23.652301669989786,101.75111247919585,10.110275501973666,0.6973623726006666,0,0,14.151875968393108,0.6017520771037612,0.3886320745504865,3569.332225628521,18.360000610351562,10.005000114440918,7.198917857078076,2815.42435633992,2825.204021367958,1779.2767911978776,21.62347414221496,99.41420448165853,10.033981545140998,0.45366413902952424,0,0,14.635695027997528,0.5414867882928233,0.34368432753199574,2884.3465705709473
CS_B11_J7_08Aug17,31.045333333333335,24.907,18.3,2164.8488801188605,2009.7580189419273,31.045333862304688,24.906999588012695,10.015000343322754,0,0,2164.848876953125,2009.758056640625,7.790954113006592,770.1314086914062,772.5984497070312,1862.691390276602,124.69385195134625,22.372785042487934,49.35504418803317,3.431243333458129,0,0,12.780357461041278,3.092936832796782,2.0199567946075576,796.9462612178919,18.299999237060547,10.005000114440918,7.891674637634857,590.4424564477852,592.494962527113,1867.746255509849,121.5007665324094,20.511005228177666,51.744786451742385,2.369364840789243,0,0,13.035575487228314,2.9774374516120865,1.9104223505752196,604.8279853109857
CS_B11_J8_08Aug17,29.94533333333333,24.822001,18.36,1976.9164829241586,2055.3155515859594,29.94533348083496,24.82200050354004,10.015000343322754,0,0,1976.9166259765625,2055.3154296875,7.098166465759277,3920.125244140625,3932.6962890625,1915.3061890184908,25.22452203730171,114.78482259710907,10.566892928002176,0.6759236732287199,0,0,13.771626447015592,0.6308632405055882,0.4105060377589104,4056.0615027899075,18.360000610351562,10.005000114440918,7.169096457537584,3219.365119450197,3230.5479141149776,1919.9209733661353,23.07735250688857,112.31720777987773,10.467791972123548,0.44219613132078006,0,0,14.218406552905984,0.5697027427377389,0.36439199444051484,3298.093313344895
CS_B11_J9_29Aug17,28.878666666666664,24.875999,18.65,2252.504518377439,2249.168428550746,28.878665924072266,24.875999450683594,10.015000343322754,0,0,2252.504638671875,2249.16845703125,7.374977111816406,2316.5439453125,2323.96728515625,2129.3461851802967,51.707996123176954,68.11428361049076,18.528803772075136,1.25678276385592,0,0,16.98742274134092,1.303937504613988,0.8455075189933968,2397.1547316111028,18.649999618530273,10.005000114440918,7.454378206410172,1869.0422481081994,1875.5110092210482,2135.3905350249165,48.73231896921378,65.04561091983437,18.826845303741255,0.8584974051553854,0,0,17.735308380461902,1.212059877387266,0.773045330920295,1915.4830329183103
CS_B11_J10_29Aug17,30.64533333333333,24.889,18.96,2044.6592488697238,1896.6577683354801,30.645334243774414,24.888999938964844,10.015000343322754,0,0,2044.6593017578125,1896.65771484375,7.793069839477539,724.6279296875,726.94970703125,1758.5000919498616,117.05321948057458,21.10443671740907,48.653760736022264,3.415501729818803,0,0,12.67902758625893,2.9122802765747977,1.899601996605941,749.8387343081267,18.959999084472656,10.005000114440918,7.883125994581966,571.6431165490104,573.613914686414,1762.788066049623,114.33970565877038,19.529976439451982,50.75220405586323,2.4530137068139233,0,0,12.904333851009534,2.8121917731079873,1.805217937243304,586.0713502183868
CS_B11_J11_29Aug17,30.14533333333333,24.938,19.09,2044.8501722946246,2059.192140696932,30.145334243774414,24.937999725341797,10.015000343322754,0,0,2044.8502197265625,2059.192138671875,7.298773288726807,2507.371826171875,2515.40087890625,1945.022582203349,41.044673073948836,73.12490859244102,16.70149175090743,1.0881859992651963,0,0,16.252426168376335,1.0252446897425158,0.6677899133206268,2594.863343280121,19.09000015258789,10.005000114440918,7.37049422815179,2064.69735332119,2071.8040482173496,1950.146239186757,38.57422396184091,70.47170072114073,16.843520460144816,0.7555234592360381,0,0,16.90330649680122,0.9521219682534021,0.610461552534878,2117.18558918563
CS_B11_J12_29Aug17,29.845333333333325,24.938,19.16,2197.0663849470548,2128.048967593639,29.845333099365234,24.937999725341797,10.015000343322754,0,0,2197.06640625,2128.049072265625,7.568321704864502,1394.201416015625,1398.6658935546875,2009.0599124703228,78.26514343697565,40.72397685534823,29.491763465117746,2.011959591001563,0,0,15.933088017789347,1.959466070061092,1.275046409340079,1442.8577068212944,19.15999984741211,10.005000114440918,7.650005447249597,1122.3915903193117,1126.2514875407817,2014.2799183574243,75.47334167289478,38.2957727323276,30.423408856508626,1.4391489501492067,0,0,16.452347396514526,1.8668594858384941,1.1960270540131703,1151.0357532966932
CA_B12_CASE_03Aug17,28.157000000000007,24.9,19.49,2119.168539747059,2129.086212746838,28.156999588012695,24.899999618530273,10.015000343322754,0,0,2119.16845703125,2129.086181640625,7.334874629974365,2412.69921875,2420.4287109375,2014.1347806303731,43.78659707902549,71.16491557072587,16.37667359279199,1.1309856472078077,0,0,16.782662297466,1.1103081839863687,0.718075582293812,2496.79739724957,19.489999771118164,10.005000114440918,7.4018559539114275,2012.5455052957907,2019.4381743744973,2019.0042930840393,41.4246523439046,68.65734785218083,16.544639393663868,0.8105959927075415,0,0,17.414622883622176,1.0368611981061622,0.6609380048597773,2064.863945970296
CS_B12_CA_03Aug17,28.990333333333336,24.976999,19.81,2079.7239179434346,2099.9235540625723,28.990333557128906,24.976999282836914,10.015000343322754,0,0,2079.723876953125,2099.923583984375,7.2910871505737305,2617.054443359375,2625.4306640625,1983.2435936560582,39.972533089458075,76.70742992503011,15.539742857668474,1.0477142522755407,0,0,16.34820822970199,1.0074156009605564,0.6536875048416592,2708.6220663947124,19.809999465942383,10.005000114440918,7.353663534889188,2209.0695459174817,2216.605150197034,1987.7792937147508,37.7943450623223,74.3499178934735,15.641315237783388,0.7597526807633774,0,0,16.921582001248563,0.9413373375608874,0.6023326067183923,2267.466443539074
CS_B12_CON_03Aug17,29.090333333333334,24.951,20.12,2045.7048016420024,1863.692886937444,29.090333938598633,24.951000213623047,10.015000343322754,0,0,2045.7047119140625,1863.69287109375,7.895566940307617,560.1583251953125,561.9517822265625,1708.5348639351193,138.73709516568172,16.420928026598556,55.49529544821759,4.213391095481942,0,0,11.666805826618475,3.4936478427520745,2.267578183004614,579.7287458197897,20.1200008392334,10.005000114440918,7.970093300065481,460.75115136163475,462.3168149743412,1711.737175274364,136.59042602037363,15.365285832661616,57.55904014185832,3.238612110517002,0,0,11.797864618338478,3.4017777269106926,2.179149595669118,473.1348989370361
CS_B12_SE_03Aug17,29.456999999999997,24.954,20.12,2105.8341631727367,1911.1996357396965,29.457000732421875,24.95400047302246,10.015000343322754,0,0,2105.834228515625,1911.1995849609375,7.910604953765869,552.2188110351562,553.9867553710938,1746.779566276366,148.2638795703854,16.15608939646183,58.14327024079718,4.396148625666973,0,0,11.468555581986507,3.7231575391138376,2.419650775437673,571.5113864531694,20.1200008392334,10.005000114440918,7.985458173951676,453.9053501995594,455.4477513163445,1750.0375373856946,146.05497498826333,15.107022869255198,60.31773424135829,3.3795239576536233,0,0,11.591256727480754,3.628437104915991,2.327241428331635,466.10292581117545
CS_B12_J1_03Aug17,27.045333333333335,24.979,19.53,2283.7688022621096,2106.0752891296725,27.045333862304688,24.979000091552734,10.015000343322754,0,0,2283.768798828125,2106.0751953125,7.8816609382629395,664.9649658203125,667.09326171875,1941.748439856552,144.63900303255616,19.68773221741713,48.84041913599753,3.915271315062442,0,0,12.662222317451937,3.6994656147900105,2.3825090398301842,688.256972763984,19.530000686645508,10.005000114440918,7.965777788360607,532.8105582700352,534.6344446554901,1945.7021163449808,142.10701161896617,18.266047142578543,50.95033411395651,2.913286228436695,0,0,12.846372183778211,3.5834967092105625,2.2746110896444556,546.698736736824
CS_B12_J2_07Aug17,27.94533333333333,24.927999,19.35,1861.185102781692,1707.2235025519587,27.94533348083496,24.92799949645996,10.015000343322754,0,0,1861.18505859375,1707.2235107421875,7.869166851043701,551.818115234375,553.5853271484375,1574.359791415693,116.58100202183996,16.282683404512944,49.81475100387194,3.862322008097661,0,0,12.024238038766608,2.9611469060575732,1.9136689756593575,571.0841345410416,19.350000381469727,10.005000114440918,7.95462918980881,440.55046861939394,442.0619274172408,1577.8172869162356,114.30002978177623,15.106160144033858,51.933935670577725,2.8451064752766,0,0,12.19490131932123,2.8641328046495675,1.8236330066729616,451.9187696135188
CS_B12_J3_RS_07Aug17,27.578666666666667,25.004999,19.22,2273.888444191015,2291.69265803895,27.57866668701172,25.0049991607666,10.015000343322754,0,0,2273.888427734375,2291.692626953125,7.320924282073975,2690.938720703125,2699.548583984375,2167.2016893753507,45.093432797038524,79.39753149851765,15.456854087092454,1.0916820359563557,0,0,16.88938790662841,1.1488070854681558,0.7415172613713108,2785.303901818919,19.219999313354492,10.005000114440918,7.391775067175642,2219.7812582716538,2227.4093507681346,2172.726286253131,42.41835057991485,76.54801683786103,15.603272081899426,0.763435552249709,0,0,17.569659196766445,1.0652037924601405,0.6770577526851881,2276.6754581397336
CS_B12_J4_07Aug17,28.845333333333325,24.972,18.98,2204.0529971527417,2226.2788209477317,28.845333099365234,24.972000122070312,10.015000343322754,0,0,2204.052978515625,2226.27880859375,7.292970180511475,2764.767822265625,2773.617431640625,2102.774821040464,42.39556482988254,81.10849846600576,15.490316611371895,1.048624459521373,0,0,16.48441189916558,1.069647770955917,0.6936969591349739,2861.484440766087,18.979999542236328,10.005000114440918,7.365694364177814,2268.6722384120144,2276.491762026893,2108.334705461134,39.716314302140326,78.22786457307822,15.608198558112399,0.7212770760474982,0,0,17.160550427566044,0.9886209654711792,0.6309693252245879,2326.0440544416265
CS_B12_J5_03Aug17,26.845333333333325,24.945999,18.99,1805.935357196757,1839.075845297833,26.845333099365234,24.945999145507812,10.015000343322754,0,0,1805.935302734375,1839.0758056640625,7.245774745941162,2569.302490234375,2577.529052734375,1733.2094022340743,29.653031796828223,76.21338555829524,12.57892429884247,0.8988625610346332,0,0,15.82900023320166,0.7595147243839263,0.48868213508687885,2659.1451501618776,18.989999771118164,10.005000114440918,7.315456383113382,2121.983144240783,2129.2961541037794,1737.4977125440619,27.62770321220743,73.9504038329284,12.614016654744912,0.6174560102889713,0,0,16.42694918193645,0.696776392492938,0.44133238174296324,2175.7256126009165
CA_B12_J6_03Aug17,28.845333333333325,24.99,19.45,1934.3722319343249,1963.9691989425387,28.845333099365234,24.989999771118164,10.015000343322754,0,0,1934.3721923828125,1963.9693603515625,7.251334190368652,2679.48388671875,2688.05859375,1851.4592289526358,33.939621435503774,78.57046967068301,14.136749488570988,0.954271567304819,0,0,15.868290998973968,0.8563441154118027,0.5553924209426633,2773.309572699717,19.450000762939453,10.005000114440918,7.316942055907551,2240.988832368373,2248.6677179727294,1855.8761750908295,31.84174266085686,76.25140230713644,14.188350447588205,0.673391048000945,0,0,16.440976566685833,0.7933014680669014,0.5068962119586377,2299.102011735672
CA_B12_J7_03Aug17,29.378666666666664,24.933001,19.2,2181.5718263779777,2203.654535021605,29.378665924072266,24.933000564575195,10.015000343322754,0,0,2181.57177734375,2203.654541015625,7.288084030151367,2759.045166015625,2767.880615234375,2080.8542078603223,42.00359314357982,80.79669685795996,15.71805960949597,1.0448366831715494,0,0,16.3752657101081,1.0553549899654326,0.6856404945501946,2855.329672676919,19.200000762939453,10.005000114440918,7.357608381546438,2284.4407099031137,2292.2929607907913,2086.141985784211,39.45814113468531,78.05437094296616,15.828023155842384,0.73015626388278,0,0,17.015528454943528,0.9791216753617886,0.6263896490253674,2342.87896530489
CS_B12_J8_03Aug17,28.811999999999994,24.966999,19.45,1922.2047379772016,1762.6892762052041,28.812000274658203,24.966999053955078,10.015000343322754,0,0,1922.2047119140625,1762.6893310546875,7.861949920654297,576.3307495117188,578.1756591796875,1624.5041614326879,121.2725675095454,16.912595153611942,51.28703100500201,3.8824481755323585,0,0,11.991618163721151,3.0604633869549396,1.9845292299717334,596.4867207006972,19.450000762939453,10.005000114440918,7.946496577894416,461.3991470789821,462.98015953972805,1628.0568830609025,118.9301310639389,15.702309971003759,53.43142314779847,2.867709858064239,0,0,12.159705804558719,2.9636692272178666,1.8934746759400454,473.3643128296107
CS_B12_J9_03Aug17,28.811999999999994,24.893999,19.34,2205.8768942251163,2025.6178674392743,28.812000274658203,24.893999099731445,10.015000343322754,0,0,2205.876953125,2025.6180419921875,7.874237060546875,642.6304321289062,644.6893920898438,1863.9830578436952,142.7415404704485,18.89338674070703,52.45608791909326,3.9682853389965804,0,0,12.242256704876267,3.6015548780725823,2.3349022578347247,665.015452439262,19.34000015258789,10.005000114440918,7.959957065503228,512.8790240402942,514.6388503666733,1867.9752527874741,140.13416600702695,17.508566260349436,54.71643447613005,2.9280316102113324,0,0,12.415584776040465,3.4913336737976395,2.2299899658574134,526.1011433058862
CS_B12_J10_07Aug17,29.345333333333325,24.969,18.79,1960.4037638475963,1794.9629501441725,29.345333099365234,24.9689998626709,10.015000343322754,0,0,1960.40380859375,1794.962890625,7.864068508148193,581.7642211914062,583.62646484375,1652.2407407535547,125.69830462679741,17.023865554930588,52.834776938053196,3.945592341709363,0,0,11.891970837932364,3.1593109169511577,2.0525118062808296,602.1068908418349,18.790000915527344,10.005000114440918,7.959067034877472,452.93607357571085,454.5009416642158,1656.3102336403995,122.99264105750186,15.66003623738139,55.31375432316428,2.805688831906968,0,0,12.074567584460516,3.050445199912314,1.9493340212669492,464.27205880663655
CS_B12_J11_07Aug17,29.845333333333325,25,19.22,2011.0394943226092,2038.5178148372818,29.845333099365234,25,10.015000343322754,0,0,2011.03955078125,2038.5177001953125,7.255646705627441,2740.900634765625,2749.6708984375,1922.0493140703077,36.53439438529528,79.93402558024673,14.99339307252574,0.9847330030862075,0,0,15.90088058101612,0.9148262921767832,0.5953952759325369,2836.880627349774,19.219999313354492,10.005000114440918,7.3246446859084084,2272.025975548588,2279.8336026430643,1926.912986562075,34.21519473750958,77.38955273626472,15.060285993717484,0.6841728002558983,0,0,16.50832323732698,0.8464111431865068,0.54234439254194,2330.195723383255
CS_B12_J12_07Aug17,29.64533333333333,24.969,19.37,2152.4613059473777,1982.2500160136346,29.645334243774414,24.9689998626709,10.015000343322754,0,0,2152.46142578125,1982.25,7.845620155334473,670.7300415039062,672.8770141601562,1828.3089229818843,134.34447919206485,19.59661587135693,51.67317607349745,3.804843067819696,0,0,12.340646900218376,3.3688960112083515,2.1909148177799858,694.1799727773763,19.3700008392334,10.005000114440918,7.931558805708476,535.1061603895449,536.9415663929667,1832.352680838344,131.72792424178667,18.169412965175464,53.86926284378981,2.795476210403145,0,0,12.525595449990535,3.2638844936700946,2.0907822834626426,548.9179015899413
